,Rank,Player,Year,G,REC,YDS,YBC,AIR,YAC,YACON,BRKTKL,TGT,CATCHABLE,DROP,RZ TGT,10+ YDS,20+ YDS,30+ YDS,40+ YDS,50+ YDS
0,1,Justin Jefferson (MIN),2022,17,8,106,70,70,37,8,0,11,8,0,2,4,2,1,0,0
1,2,Davante Adams (LV),2022,17,6,89,60,60,29,6,1,11,6,0,1,4,1,1,0,0
2,3,Tyreek Hill (MIA),2022,17,7,101,72,72,28,3,0,10,7,0,1,4,1,1,0,0
3,4,A.J. Brown (PHI),2022,17,5,88,56,56,32,11,0,9,6,0,1,3,1,1,0,0
4,5,Stefon Diggs (BUF),2022,17,6,86,60,60,25,6,0,9,7,0,1,3,1,1,0,0
5,6,CeeDee Lamb (DAL),2022,17,6,80,51,51,29,9,1,9,7,0,1,4,1,0,0,0
6,7,Jaylen Waddle (MIA),2022,17,4,80,50,50,30,9,0,7,5,0,0,3,1,1,0,0
7,8,Amari Cooper (CLE),2022,17,5,68,49,49,19,5,0,8,5,1,1,3,1,0,0,0
8,9,Amon-Ra St. Brown (DET),2022,16,7,73,40,40,33,6,0,9,7,0,1,4,1,0,0,0
9,10,DeVonta Smith (PHI),2022,17,6,70,42,42,29,6,0,8,6,0,1,3,1,0,0,0
10,11,Christian Kirk (JAC),2022,17,5,65,43,43,22,4,0,8,5,0,1,3,1,0,0,0
11,12,Ja'Marr Chase (CIN),2022,13,7,80,47,47,34,11,1,10,8,1,2,3,1,0,0,0
12,13,Tyler Lockett (SEA),2022,16,5,65,47,47,17,1,0,7,5,0,1,3,1,1,0,0
13,14,Terry McLaurin (WAS),2022,17,5,70,47,47,23,8,0,7,5,0,1,3,1,1,0,0
14,15,Brandon Aiyuk (SF),2022,17,5,60,37,37,23,6,0,7,5,0,1,3,1,0,0,0
15,16,Mike Evans (TB),2022,15,5,75,61,61,14,4,0,8,5,0,1,3,1,0,0,0
16,17,Tee Higgins (CIN),2022,15,5,69,50,50,19,7,0,7,5,1,1,3,1,0,0,0
17,18,Jerry Jeudy (DEN),2022,15,4,65,38,38,26,7,0,7,5,0,1,2,1,1,0,0
18,19,DK Metcalf (SEA),2022,17,5,62,49,49,13,4,0,8,6,0,2,3,1,0,0,0
19,20,DJ Moore (CHI),2022,17,4,52,42,42,11,3,0,7,4,0,1,2,1,0,0,0
20,21,Garrett Wilson (NYJ),2022,17,5,65,43,43,22,11,1,9,5,0,1,3,1,0,0,0
21,22,Cooper Kupp (LAR),2022,9,8,90,43,43,47,12,0,11,9,0,1,3,1,0,0,0
22,23,Chris Olave (NO),2022,15,5,69,55,55,14,4,0,8,5,0,1,3,1,0,0,0
23,24,Gabe Davis (BUF),2022,15,3,56,46,46,10,1,0,6,4,1,1,2,1,0,0,0
24,25,Christian Watson (GB),2022,14,3,44,24,24,20,3,0,5,3,0,1,2,1,0,0,0
25,26,Chris Godwin (TB),2022,15,7,68,33,33,35,9,0,9,7,0,1,3,1,0,0,0
26,27,Michael Pittman Jr. (IND),2022,16,6,58,36,36,22,7,0,9,7,0,1,3,1,0,0,0
27,28,Tyler Boyd (CIN),2022,17,3,46,31,31,15,5,0,5,4,0,1,2,1,0,0,0
28,29,Zay Jones (JAC),2022,16,5,51,34,34,18,4,0,8,6,1,1,2,0,0,0,0
29,30,Allen Lazard (NYJ),2022,15,4,53,36,36,17,4,0,7,5,0,1,2,1,0,0,0
30,31,George Pickens (PIT),2022,17,3,47,41,41,6,3,0,5,3,0,0,2,1,0,0,0
31,32,Mike Williams (LAC),2022,13,5,69,43,43,26,4,0,7,5,0,1,3,1,0,0,0
32,33,Jakobi Meyers (LV),2022,14,5,57,41,41,17,2,0,7,5,0,1,2,1,0,0,0
33,34,Deebo Samuel (SF),2022,13,4,49,11,11,38,14,1,7,5,1,1,2,1,0,0,0
34,35,Curtis Samuel (WAS),2022,17,4,39,21,21,17,4,0,5,4,0,1,2,1,0,0,0
35,36,Adam Thielen (CAR),2022,17,4,42,33,33,9,2,0,6,4,0,1,2,0,0,0,0
36,37,JuJu Smith-Schuster (NE),2022,16,5,58,27,27,31,8,0,6,5,0,1,2,1,0,0,0
37,38,Drake London (ATL),2022,17,4,51,36,36,15,3,0,7,5,0,1,2,1,0,0,0
38,39,Donovan Peoples-Jones (CLE),2022,17,4,49,38,38,11,2,0,6,4,0,1,2,1,0,0,0
39,40,Keenan Allen (LAC),2022,10,7,75,49,49,26,5,0,9,7,0,2,3,1,1,0,0
40,41,Joshua Palmer (LAC),2022,16,5,48,32,32,16,3,0,7,5,0,1,2,0,0,0,0
41,42,Mack Hollins (ATL),2022,17,3,41,29,29,12,2,0,6,4,0,1,1,1,0,0,0
42,43,Jahan Dotson (WAS),2022,12,3,44,32,32,11,4,0,5,3,1,1,2,1,0,0,0
43,44,K.J. Osborn (MIN),2022,17,4,38,21,21,18,4,0,5,4,0,1,1,0,0,0,0
44,45,Courtland Sutton (DEN),2022,15,4,55,45,45,10,2,0,7,5,1,1,2,1,0,0,0
45,46,Diontae Johnson (PIT),2022,17,5,52,38,38,14,4,0,9,6,0,1,2,0,0,0,0
46,47,Marquise Brown (ARI),2022,12,6,59,39,39,20,3,0,9,6,0,1,3,1,0,0,0
47,48,Brandin Cooks (DAL),2022,13,4,54,38,38,16,1,0,7,5,0,1,2,1,0,0,0
48,49,DeAndre Hopkins (ARI),2022,9,7,80,61,61,18,6,0,11,8,1,1,3,1,0,0,0
49,50,Parris Campbell (NYG),2022,17,4,37,20,20,16,3,0,5,4,0,1,1,0,0,0,0
50,51,Darius Slayton (NYG),2022,13,4,56,36,36,20,7,0,5,4,1,0,2,1,1,0,0
51,52,Marquez Valdes-Scantling (KC),2022,17,2,40,32,32,9,2,0,5,3,0,1,2,1,0,0,0
52,53,Devin Duvernay (BAL),2022,14,3,29,18,18,11,1,0,4,3,0,1,1,0,0,0,0
53,54,Isaiah McKenzie (IND),2022,16,3,26,18,18,8,1,0,4,3,0,1,1,0,0,0,0
54,55,Richie James Jr. (KC),2022,16,4,36,25,25,11,1,0,4,4,0,0,2,0,0,0,0
55,56,Russell Gage (TB),2022,13,4,33,20,20,13,5,0,5,4,0,1,1,0,0,0,0
56,57,Rashid Shaheed (NO),2022,12,2,41,27,27,15,3,0,3,2,0,0,1,1,1,0,0
57,58,DeVante Parker (NE),2022,13,2,41,33,33,8,3,0,4,3,0,0,2,1,0,0,0
58,59,Noah Brown (HOU),2022,16,3,35,27,27,8,3,0,5,3,0,1,1,0,0,0,0
59,60,Alec Pierce (IND),2022,16,3,37,30,30,7,1,0,5,3,0,0,2,1,0,0,0
60,61,Marvin Jones Jr. (DET),2022,16,3,33,27,27,6,1,0,5,3,0,1,2,0,0,0,0
61,62,Olamide Zaccheaus (PHI),2022,17,2,31,20,20,11,2,0,4,3,0,0,1,1,0,0,0
62,63,Kalif Raymond (DET),2022,17,3,36,23,23,13,2,0,4,3,0,1,1,1,0,0,0
63,64,Mecole Hardman Jr. (NYJ),2022,8,3,37,17,17,20,3,0,4,3,0,1,1,1,0,0,0
64,65,DJ Chark Jr. (CAR),2022,11,3,46,33,33,12,1,0,5,3,0,0,2,1,0,0,0
65,66,Chris Moore (TEN),2022,15,3,37,19,19,18,3,0,5,3,0,1,1,1,0,0,0
66,67,Michael Gallup (DAL),2022,14,3,30,23,23,8,2,0,5,3,1,1,1,0,0,0,0
67,68,DeAndre Carter (LV),2022,17,3,32,20,20,12,2,0,4,3,0,1,1,1,0,0,0
68,69,Josh Reynolds (DET),2022,12,3,40,30,30,10,2,0,5,4,0,1,2,1,0,0,0
69,70,Corey Davis (NYJ),2022,13,2,41,33,33,8,2,0,5,3,0,1,2,1,0,0,0
70,71,Isaiah Hodgins (NYG),2022,9,4,44,33,33,10,1,0,5,4,0,1,2,0,0,0,0
71,72,Marquise Goodwin (CLE),2022,13,2,30,21,21,9,4,0,3,2,0,0,1,1,0,0,0
72,73,Robert Woods (HOU),2022,17,3,31,22,22,9,1,0,5,3,0,1,1,0,0,0,0
73,74,Darnell Mooney (CHI),2022,11,4,45,29,29,16,1,0,6,4,0,1,2,1,0,0,0
74,75,Greg Dortch (ARI),2022,16,3,29,11,11,19,8,0,4,3,0,0,1,0,0,0,0
75,76,Nico Collins (HOU),2022,10,4,48,32,32,16,3,0,7,4,0,1,2,1,0,0,0
76,77,Romeo Doubs (GB),2022,13,3,33,18,18,15,3,0,5,4,1,1,1,1,0,0,0
77,78,Chase Claypool (CHI),2022,15,3,30,20,20,10,3,0,5,3,0,0,1,0,0,0,0
78,79,Nick Westbrook-Ikhine (TEN),2022,16,2,25,18,18,7,2,0,3,2,0,0,1,0,0,0,0
79,80,Demarcus Robinson (FA),2022,16,3,29,20,20,9,4,0,5,3,0,1,1,0,0,0,0
80,81,Treylon Burks (TEN),2022,11,3,40,26,26,15,5,0,5,3,0,0,1,1,0,0,0
81,82,Terrace Marshall Jr. (CAR),2022,13,2,38,27,27,11,5,0,4,2,0,0,2,1,0,0,0
82,83,Van Jefferson (LAR),2022,10,2,37,33,33,4,1,0,4,3,0,1,2,1,0,0,0
83,84,Trent Sherfield (BUF),2022,16,2,26,17,17,9,2,0,3,2,0,1,1,0,0,0,0
84,85,Kendrick Bourne (NE),2022,16,2,27,18,18,9,2,0,3,2,0,0,1,0,0,0,0
85,86,Allen Robinson II (PIT),2022,10,3,34,27,27,7,1,0,5,3,0,1,2,0,0,0,0
86,87,Quez Watkins (PHI),2022,17,2,21,12,12,9,2,0,3,2,0,0,1,0,0,0,0
87,88,Elijah Moore (CLE),2022,16,2,28,21,21,7,2,0,4,2,0,0,1,1,0,0,0
88,89,Jamal Agnew (JAC),2022,15,2,12,4,4,8,1,0,2,2,0,0,0,0,0,0,0
89,90,Trenton Irwin (CIN),2022,9,2,26,19,19,7,2,0,3,2,0,1,1,0,0,0,0
90,91,Randall Cobb (NYJ),2022,13,3,32,18,18,14,4,0,4,3,0,1,1,1,0,0,0
91,92,Jauan Jennings (SF),2022,16,2,26,15,15,11,3,0,4,3,0,0,1,0,0,0,0
92,93,Rondale Moore (ARI),2022,8,5,52,17,17,35,11,1,7,6,1,1,2,1,0,0,0
93,94,Julio Jones (FA),2022,10,2,30,18,18,12,3,0,4,3,0,1,1,0,0,0,0
94,95,Dante Pettis (CHI),2022,17,1,14,11,11,4,0,0,2,1,0,0,1,0,0,0,0
95,96,Laviska Shenault Jr. (CAR),2022,13,2,21,-5,-5,25,7,0,2,2,0,0,1,0,0,0,0
96,97,Ben Skowronek (LAR),2022,14,3,27,17,17,10,2,0,4,3,0,0,1,0,0,0,0
97,98,Tutu Atwell (LAR),2022,12,2,25,20,20,5,1,0,3,2,0,0,1,0,0,0,0
98,99,Tyquan Thornton (NE),2022,12,2,21,15,15,6,1,0,4,2,0,0,1,0,0,0,0
99,100,Nelson Agholor (BAL),2022,15,2,24,15,15,10,3,0,4,2,0,0,1,0,0,0,0
100,101,Ray-Ray McCloud III (SF),2022,17,1,14,9,9,5,1,0,1,1,0,0,1,0,0,0,0
101,102,Equanimeous St. Brown (CHI),2022,16,1,20,15,15,6,1,0,2,1,0,0,1,0,0,0,0
102,103,Justin Watson (KC),2022,17,1,19,15,15,4,1,0,2,1,0,0,1,0,0,0,0
103,104,Hunter Renfrow (LV),2022,10,4,33,18,18,15,4,0,5,4,0,1,1,0,0,0,0
104,105,Kadarius Toney (KC),2022,9,2,19,7,7,12,5,0,2,2,0,1,1,0,0,0,0
105,106,Braxton Berrios (MIA),2022,17,1,9,3,3,5,1,0,2,1,0,0,0,0,0,0,0
106,107,Shi Smith (CAR),2022,17,1,17,8,8,9,2,0,2,1,0,0,1,0,0,0,0
107,108,Damiere Byrd (CAR),2022,12,1,22,14,14,9,1,0,2,1,0,0,1,0,0,0,0
108,109,Rashod Bateman (BAL),2022,6,3,48,25,25,22,2,0,5,3,1,0,1,1,1,0,0
109,110,A.J. Green (FA),2022,13,2,18,13,13,5,2,0,4,2,0,0,0,0,0,0,0
110,111,Jarvis Landry (FA),2022,9,3,30,23,23,7,2,0,4,3,0,1,1,0,0,0,0
111,112,Michael Thomas (NO),2022,3,5,57,50,50,7,1,0,7,6,0,1,3,1,0,0,0
112,113,Tre'Quan Smith (NO),2022,10,2,28,21,21,7,3,0,3,2,0,0,1,0,0,0,0
113,114,Kendall Hinton (DEN),2022,11,2,28,16,16,13,5,0,3,3,0,0,1,0,0,0,0
114,115,Chosen Anderson (MIA),2022,12,2,24,16,16,8,0,0,4,2,0,0,1,0,0,0,0
115,116,Phillip Dorsett II (LV),2022,15,1,17,13,13,4,1,0,3,2,0,0,1,0,0,0,0
116,117,Sammy Watkins (FA),2022,9,2,36,22,22,14,1,0,3,2,0,1,1,1,0,0,0
117,118,Wan'Dale Robinson (NYG),2022,6,4,38,17,17,21,4,0,5,4,0,0,2,0,0,0,0
118,119,KhaDarel Hodge (ATL),2022,13,1,16,11,11,5,0,0,2,1,0,0,1,0,0,0,0
119,120,Dyami Brown (WAS),2022,9,1,16,12,12,3,0,0,2,1,0,0,0,0,0,0,0
120,121,Ashton Dulin (IND),2022,10,2,21,17,17,4,2,0,2,2,0,0,1,0,0,0,0
121,122,Velus Jones Jr. (CHI),2022,11,1,10,6,6,3,1,0,1,1,0,0,0,0,0,0,0
122,123,Byron Pringle (FA),2022,10,1,14,12,12,1,0,0,2,1,0,0,1,0,0,0,0
123,124,Khalil Shakir (BUF),2022,10,1,16,8,8,8,1,0,2,1,0,0,1,0,0,0,0
124,125,Jalen Nailor (MIN),2022,8,1,22,14,14,8,5,0,2,1,0,0,1,0,0,0,0
125,126,Brandon Powell (MIN),2022,17,1,9,-2,-2,11,1,0,2,2,0,0,0,0,0,0,0
126,127,Amari Rodgers (HOU),2022,15,1,14,9,9,5,1,0,2,1,0,0,1,0,0,0,0
127,128,River Cracraft (MIA),2022,8,1,13,10,10,3,0,0,2,1,0,0,1,0,0,0,0
128,129,Marquez Callaway (DEN),2022,10,2,16,12,12,4,2,0,3,2,0,1,1,0,0,0,0
129,130,David Bell (CLE),2022,15,2,14,9,9,5,2,0,2,2,0,0,1,0,0,0,0
130,131,Sterling Shepard (NYG),2022,3,4,51,33,33,18,9,0,8,5,1,0,2,0,0,0,0
131,132,Skyy Moore (KC),2022,16,1,16,6,6,9,2,0,2,1,0,0,1,0,0,0,0
132,133,Zach Pascal (ARI),2022,15,1,10,4,4,6,1,0,1,1,0,0,0,0,0,0,0
133,134,Keelan Cole Sr. (LV),2022,12,1,12,9,9,2,1,0,2,1,0,0,1,0,0,0,0
134,135,Scotty Miller (ATL),2022,12,2,15,13,13,3,1,0,3,2,0,0,1,0,0,0,0
135,136,Jalen Reagor (MIN),2022,17,0,6,4,4,2,0,0,1,0,0,0,0,0,0,0,0
136,137,KJ Hamler (DEN),2022,7,1,24,20,20,3,1,0,2,1,0,0,1,0,0,0,0
137,138,Denzel Mims (NYJ),2022,9,1,21,12,12,8,6,0,3,2,0,0,1,0,0,0,0
138,139,Lawrence Cager (NYG),2022,6,2,20,7,7,13,2,0,3,2,0,0,1,0,0,0,0
139,140,N'Keal Harry (FA),2022,6,1,19,17,17,3,0,0,2,1,0,0,1,0,0,0,0
140,141,Steven Sims Jr. (HOU),2022,12,1,9,2,2,7,1,0,2,1,0,0,0,0,0,0,0
141,142,DeSean Jackson (FA),2022,7,1,22,19,19,3,0,0,2,1,0,0,1,0,0,0,0
142,143,Anthony Schwartz (CLE),2022,7,1,7,3,3,4,0,0,1,1,0,0,0,0,0,0,0
143,144,Cedrick Wilson Jr. (MIA),2022,13,1,10,7,7,3,1,0,1,1,0,0,0,0,0,0,0
144,145,Breshad Perriman (FA),2022,8,1,14,7,7,7,1,0,2,1,0,0,1,0,0,0,0
145,146,Samori Toure (GB),2022,4,1,21,18,18,3,1,0,3,1,0,0,1,1,1,0,0
146,147,Tom Kennedy (DET),2022,7,1,20,9,9,11,2,0,2,1,0,0,1,0,0,0,0
147,148,Kenny Golladay (FA),2022,6,1,14,12,12,2,0,0,3,2,1,0,1,0,0,0,0
148,149,Jameson Williams (DET),2022,6,0,7,6,6,1,0,0,2,1,0,0,0,0,0,0,0
149,150,Jeff Smith (NYG),2022,7,1,19,14,14,5,0,0,2,1,0,0,1,0,0,0,0
150,151,T.Y. Hilton (FA),2022,3,2,40,29,29,11,6,0,3,3,1,0,1,1,0,0,0
151,152,Jalen Virgil (DEN),2022,7,0,11,5,5,6,0,0,1,0,0,0,0,0,0,0,0
152,153,David Sills V (NYG),2022,7,2,15,9,9,6,2,0,2,2,0,0,1,0,0,0,0
153,154,Marcus Johnson (FA),2022,8,1,12,8,8,5,1,0,3,1,0,0,1,0,0,0,0
154,155,Dax Milne (WAS),2022,15,0,2,2,2,1,0,0,0,0,0,0,0,0,0,0,0
155,156,Michael Bandy (FA),2022,8,1,11,8,8,3,0,0,3,1,0,0,1,0,0,0,0
156,157,Cam Sims (LV),2022,13,1,7,5,5,1,0,0,1,1,0,0,0,0,0,0,0
157,158,Brandon Johnson (DEN),2022,5,1,8,6,6,3,1,0,3,1,0,0,0,0,0,0,0
158,159,Freddie Swain (MIA),2022,3,1,25,16,16,9,1,0,2,1,0,0,1,0,0,0,0
159,160,Kevin White (FA),2022,6,0,12,1,1,11,6,0,1,1,0,0,0,0,0,0,0
160,161,Gunner Olszewski (PIT),2022,15,0,4,3,3,1,0,0,0,0,0,0,0,0,0,0,0
161,162,Dee Eskridge (SEA),2022,9,1,6,1,1,5,1,0,1,1,0,0,0,0,0,0,0
162,163,Jake Kumerow (FA),2022,5,1,13,9,9,3,1,0,1,1,0,0,1,0,0,0,0
163,164,Jalen Guyton (LAC),2022,2,1,32,29,29,4,0,0,2,1,0,0,1,1,1,1,1
164,165,Jamison Crowder (NYG),2022,4,2,15,8,8,8,2,0,3,2,0,0,1,0,0,0,0
165,166,Mike Strachan (IND),2022,6,1,10,8,8,2,1,0,2,1,0,1,1,0,0,0,0
166,167,Mike Thomas (BAL),2022,5,0,8,3,3,5,6,0,2,1,0,1,0,0,0,0,0
167,168,Deven Thompkins (TB),2022,5,1,6,0,0,6,3,0,2,1,0,0,0,0,0,0,0
168,169,Trent Taylor (CIN),2022,16,0,4,1,1,3,1,0,1,0,0,0,0,0,0,0,0
169,170,Cody Hollister (TEN),2022,6,1,9,8,8,1,0,0,1,1,0,0,0,0,0,0,0
170,171,James Proche II (BAL),2022,12,1,5,4,4,1,1,0,1,1,0,0,0,0,0,0,0
171,172,Chris Conley (SF),2022,4,1,12,11,11,1,0,0,2,2,1,0,0,0,0,0,0
172,173,Andre Baccellia (ARI),2022,5,1,9,7,7,2,0,0,2,1,0,0,0,0,0,0,0
173,174,Racey McMath (TEN),2022,4,1,10,8,8,2,0,0,2,1,0,0,0,0,0,0,0
174,175,Laquon Treadwell (FA),2022,3,2,14,10,10,4,1,0,3,2,0,1,1,0,0,0,0
175,176,Michael Woods II (CLE),2022,8,1,6,4,4,2,0,0,1,1,0,0,0,0,0,0,0
176,177,Kyle Philips (TEN),2022,4,2,20,14,14,5,0,0,3,2,0,0,1,1,0,0,0
177,178,Cole Beasley (FA),2022,5,1,7,4,4,3,1,0,2,1,0,0,0,0,0,0,0
178,179,Tylan Wallace (BAL),2022,6,1,6,4,4,2,1,0,1,1,0,0,0,0,0,0,0
179,180,Tim Jones (JAC),2022,7,0,4,1,1,3,2,0,1,1,0,0,0,0,0,0,0
180,181,Tyrie Cleveland (PHI),2022,5,0,6,2,2,3,2,0,1,0,0,0,0,0,0,0,0
181,182,Simi Fehoko (DAL),2022,3,1,8,5,5,3,2,0,1,1,0,0,0,0,0,0,0
182,183,Dezmon Patmon (BUF),2022,1,2,24,17,17,7,5,0,6,3,1,1,1,0,0,0,0
183,184,Andy Isabella (BAL),2022,4,1,5,4,4,1,1,0,1,1,0,0,1,0,0,0,0
184,185,Cade Johnson (SEA),2022,2,1,11,8,8,3,1,0,2,1,0,0,1,0,0,0,0
185,186,Lil'Jordan Humphrey (DEN),2022,4,1,5,1,1,4,1,0,1,1,0,0,0,0,0,0,0
186,187,Penny Hart (ATL),2022,3,1,7,3,3,4,2,0,1,1,0,0,0,0,0,0,0
187,188,Danny Gray (SF),2022,7,0,1,1,1,1,0,0,1,0,0,0,0,0,0,0,0
188,189,Keith Kirkwood (NO),2022,3,1,6,5,5,1,0,0,1,1,0,0,0,0,0,0,0
189,190,Juwann Winfree (IND),2022,3,0,6,4,4,2,0,0,1,1,0,0,0,0,0,0,0
190,191,Dennis Houston (DAL),2022,2,1,8,5,5,3,3,0,3,1,0,0,1,0,0,0,0
191,192,Bryan Edwards (NO),2022,4,1,4,2,2,2,1,0,1,1,0,1,0,0,0,0,0
192,193,Austin Trammell (LAR),2022,2,1,7,7,7,0,0,0,2,1,0,0,0,0,0,0,0
193,194,Montrell Washington (DEN),2022,15,0,0,-1,-1,1,0,0,1,0,0,0,0,0,0,0,0
194,195,Lance McCutcheon (LAR),2022,4,0,0,0,0,0,0,0,1,0,0,0,0,0,0,0,0
195,196,Ihmir Smith-Marsette (KC),2022,4,0,4,3,3,1,0,0,1,1,0,0,0,0,0,0,0
196,1,Cooper Kupp (LAR),2021,17,9,115,65,65,50,15,1,11,9,0,2,4,2,1,1,0
197,2,Deebo Samuel (SF),2021,16,5,88,39,39,53,18,1,8,6,1,1,3,2,1,1,0
198,3,Ja'Marr Chase (CIN),2021,17,5,86,47,47,38,15,0,8,6,1,1,3,1,1,0,0
199,4,Justin Jefferson (MIN),2021,17,6,95,67,67,28,9,0,10,7,0,1,4,2,1,0,0
200,5,Davante Adams (LV),2021,16,8,97,60,60,37,9,0,11,8,0,2,4,1,1,0,0
201,6,Mike Evans (TB),2021,16,5,65,49,49,16,4,0,7,5,0,1,3,1,0,0,0
202,7,Tyreek Hill (MIA),2021,17,7,73,47,47,26,7,1,9,7,0,1,3,1,0,0,0
203,8,Stefon Diggs (BUF),2021,17,6,72,53,53,19,9,0,10,7,0,2,3,1,0,0,0
204,9,Mike Williams (LAC),2021,16,5,72,46,46,26,9,0,8,5,0,1,3,1,1,1,0
205,10,DK Metcalf (SEA),2021,17,4,57,38,38,19,9,0,8,5,0,1,2,1,0,0,0
206,11,Tyler Lockett (SEA),2021,16,5,73,56,56,17,4,0,7,5,0,0,2,1,1,0,0
207,12,Diontae Johnson (PIT),2021,16,7,73,40,40,33,6,1,11,7,0,1,3,1,0,0,0
208,13,Hunter Renfrow (LV),2021,17,6,61,34,34,27,7,0,8,6,0,1,2,1,0,0,0
209,14,CeeDee Lamb (DAL),2021,16,5,69,41,41,28,12,1,8,6,1,1,3,1,1,0,0
210,15,Keenan Allen (LAC),2021,16,7,71,50,50,21,5,0,10,7,1,1,3,1,0,0,0
211,16,Michael Pittman Jr. (IND),2021,17,5,64,43,43,20,6,0,8,6,0,1,3,1,0,0,0
212,17,Tee Higgins (CIN),2021,14,5,78,57,57,21,7,0,8,6,0,1,4,1,0,0,0
213,18,DJ Moore (CHI),2021,17,5,68,43,43,25,7,0,10,6,1,1,3,1,0,0,0
214,19,Chris Godwin (TB),2021,14,7,79,37,37,42,14,0,9,7,0,2,3,1,0,0,0
215,20,Jaylen Waddle (MIA),2021,16,7,63,36,36,27,6,0,9,7,1,1,2,1,0,0,0
216,21,Brandin Cooks (DAL),2021,16,6,65,42,42,22,4,0,8,6,0,1,3,1,0,0,0
217,22,Darnell Mooney (CHI),2021,17,5,62,40,40,22,7,0,8,5,1,1,2,1,0,0,0
218,23,Amon-Ra St. Brown (DET),2021,16,6,57,31,31,27,6,0,7,6,0,1,2,1,0,0,0
219,24,Terry McLaurin (WAS),2021,17,5,62,43,43,19,7,0,8,5,0,1,3,1,1,0,0
220,25,Marquise Brown (ARI),2021,16,6,63,39,39,24,6,0,9,6,1,1,3,1,0,0,0
221,26,Amari Cooper (CLE),2021,15,5,58,42,42,16,5,0,7,5,0,1,2,1,0,0,0
222,27,Adam Thielen (CAR),2021,13,5,56,37,37,18,5,0,7,5,0,1,2,1,0,0,0
223,28,Christian Kirk (JAC),2021,17,5,58,45,45,13,4,0,6,5,0,1,2,1,0,0,0
224,29,Kendrick Bourne (NE),2021,17,3,47,24,24,23,5,0,4,3,0,0,2,1,0,0,0
225,30,DeVonta Smith (PHI),2021,17,4,54,41,41,13,4,0,6,4,0,0,2,1,0,0,0
226,31,Van Jefferson (LAR),2021,17,3,47,34,34,13,5,0,5,3,0,1,2,1,0,0,0
227,32,A.J. Brown (PHI),2021,13,5,67,48,48,19,8,0,8,6,1,1,3,1,0,0,0
228,33,Tyler Boyd (CIN),2021,16,4,52,27,27,24,4,0,6,4,0,0,2,1,0,0,0
229,34,Brandon Aiyuk (SF),2021,17,3,49,28,28,20,8,0,5,4,0,1,2,1,0,0,0
230,35,K.J. Osborn (MIN),2021,17,3,39,28,28,11,3,0,5,3,0,1,1,1,0,0,0
231,36,Chase Claypool (CHI),2021,15,4,57,38,38,19,8,0,7,4,0,1,2,1,0,0,0
232,37,Marvin Jones Jr. (DET),2021,17,4,49,41,41,8,2,0,7,5,0,1,2,1,0,0,0
233,38,Marquez Callaway (DEN),2021,17,3,41,33,33,8,3,0,5,3,0,1,2,1,0,0,0
234,39,DeAndre Hopkins (ARI),2021,10,4,57,43,43,14,5,0,6,4,0,1,3,1,0,0,0
235,40,Tim Patrick (DEN),2021,16,3,46,33,33,13,2,0,5,4,0,1,2,1,0,0,0
236,41,Jakobi Meyers (LV),2021,16,5,54,40,40,14,3,0,8,6,0,1,2,1,0,0,0
237,42,Cedrick Wilson Jr. (MIA),2021,14,3,43,25,25,18,6,0,4,3,0,1,2,1,0,0,0
238,43,A.J. Green (FA),2021,16,3,53,42,42,11,5,0,6,4,0,1,2,1,1,0,0
239,44,Allen Lazard (NYJ),2021,14,3,37,25,25,12,4,0,4,3,0,1,2,1,0,0,0
240,45,Russell Gage (TB),2021,13,5,59,40,40,20,7,0,7,6,0,1,2,1,0,0,0
241,46,Elijah Moore (CLE),2021,11,4,49,30,30,19,5,0,7,4,0,1,2,1,0,0,0
242,47,Courtland Sutton (DEN),2021,17,3,46,38,38,8,2,0,6,4,0,1,2,1,0,0,0
243,48,Robert Woods (HOU),2021,9,5,62,40,40,22,8,0,8,5,0,2,3,1,0,0,0
244,49,Gabe Davis (BUF),2021,15,2,37,27,27,9,2,0,4,3,0,1,2,1,0,0,0
245,50,Emmanuel Sanders (FA),2021,14,3,45,39,39,6,2,0,5,3,0,1,2,1,0,0,0
246,51,Chosen Anderson (MIA),2021,17,3,31,21,21,9,2,0,6,4,0,0,1,0,0,0,0
247,52,Odell Beckham Jr. (BAL),2021,14,3,38,28,28,11,2,0,6,4,0,1,1,1,0,0,0
248,53,Byron Pringle (FA),2021,16,3,36,24,24,12,4,0,4,3,0,0,1,1,0,0,0
249,54,Kalif Raymond (DET),2021,16,3,36,20,20,16,2,0,4,3,0,0,1,1,0,0,0
250,55,Mecole Hardman Jr. (NYJ),2021,17,3,41,11,11,30,9,0,5,4,0,1,1,0,0,0,0
251,56,Jarvis Landry (FA),2021,12,4,48,25,25,23,7,0,7,5,0,1,2,1,0,0,0
252,57,Antonio Brown (FA),2021,7,6,78,51,51,27,4,0,9,6,0,0,3,1,0,0,0
253,58,Cole Beasley (FA),2021,16,5,43,24,24,19,4,0,7,6,0,1,2,0,0,0,0
254,59,Deonte Harty (BUF),2021,13,3,44,25,25,19,8,0,5,3,0,0,1,0,0,0,0
255,60,Donovan Peoples-Jones (CLE),2021,14,2,43,32,32,10,4,0,4,3,0,0,2,1,0,0,0
256,61,Braxton Berrios (MIA),2021,16,3,27,12,12,15,1,0,4,3,0,1,1,0,0,0,0
257,62,Bryan Edwards (NO),2021,16,2,36,24,24,12,5,0,4,2,0,1,2,1,0,0,0
258,63,Quez Watkins (PHI),2021,17,3,38,23,23,15,4,0,4,3,0,0,1,1,0,0,0
259,64,Corey Davis (NYJ),2021,9,4,55,41,41,14,7,0,7,4,1,0,2,1,0,0,0
260,65,Nick Westbrook-Ikhine (TEN),2021,15,3,32,22,22,10,3,0,4,3,0,1,1,0,0,0,0
261,66,Nelson Agholor (BAL),2021,15,2,32,24,24,8,2,0,4,3,0,0,1,1,0,0,0
262,67,Jalen Guyton (LAC),2021,16,2,28,18,18,9,4,0,3,2,0,0,1,0,0,0,0
263,68,Randall Cobb (NYJ),2021,11,3,34,22,22,13,7,0,4,3,0,1,1,1,0,0,0
264,69,Laviska Shenault Jr. (CAR),2021,16,4,39,14,14,24,12,1,6,4,1,1,2,0,0,0,0
265,70,DeVante Parker (NE),2021,10,4,52,41,41,10,5,0,7,5,0,1,2,1,0,0,0
266,71,DeAndre Carter (LV),2021,17,1,17,13,13,5,1,0,3,2,0,0,1,0,0,0,0
267,72,Freddie Swain (MIA),2021,17,1,20,8,8,12,3,0,2,2,0,0,1,0,0,0,0
268,73,Marquez Valdes-Scantling (KC),2021,11,2,39,26,26,13,3,0,5,2,0,1,1,1,0,0,0
269,74,Henry Ruggs III (FA),2021,7,3,67,51,51,16,5,0,5,4,0,0,2,1,1,1,0
270,75,Joshua Palmer (LAC),2021,15,2,24,17,17,6,2,0,3,2,0,1,1,0,0,0,0
271,76,Zay Jones (JAC),2021,15,3,36,25,25,11,3,0,5,3,0,0,1,1,0,0,0
272,77,Olamide Zaccheaus (PHI),2021,15,2,27,21,21,6,2,0,4,2,0,1,1,0,0,0,0
273,78,Jamison Crowder (NYG),2021,12,4,37,23,23,14,4,0,6,5,0,1,2,0,0,0,0
274,79,Jauan Jennings (SF),2021,13,2,22,14,14,8,3,0,3,2,0,1,1,0,0,0,0
275,80,Rashod Bateman (BAL),2021,12,4,43,29,29,14,4,0,6,4,0,0,2,1,0,0,0
276,81,Zach Pascal (ARI),2021,16,2,24,16,16,8,2,0,4,3,0,1,1,0,0,0,0
277,82,Michael Gallup (DAL),2021,9,4,49,36,36,14,5,0,7,4,0,1,2,1,0,0,0
278,83,DeSean Jackson (FA),2021,14,1,32,20,20,13,1,0,2,2,0,0,1,0,0,0,0
279,84,Tre'Quan Smith (NO),2021,10,3,38,26,26,11,4,0,5,4,0,1,2,1,0,0,0
280,85,Rondale Moore (ARI),2021,14,4,31,0,0,32,5,0,5,4,0,1,1,0,0,0,0
281,86,Kenny Golladay (FA),2021,14,3,37,29,29,9,4,0,5,3,0,1,2,0,0,0,0
282,87,Jamal Agnew (JAC),2021,12,2,19,9,9,10,3,0,3,2,0,0,1,0,0,0,0
283,88,Josh Reynolds (DET),2021,11,3,36,25,25,11,5,0,4,3,0,1,2,1,0,0,0
284,89,T.Y. Hilton (FA),2021,10,2,33,26,26,7,2,0,4,3,0,0,1,0,0,0,0
285,90,Keelan Cole Sr. (LV),2021,14,2,32,26,26,6,2,0,4,2,0,0,1,1,0,0,0
286,91,Nico Collins (HOU),2021,14,2,32,22,22,10,2,0,4,2,0,0,1,1,0,0,0
287,92,Laquon Treadwell (FA),2021,12,3,36,26,26,11,3,0,4,3,0,1,1,1,0,0,0
288,93,Julio Jones (FA),2021,10,3,43,32,32,11,5,0,5,3,0,1,2,0,0,0,0
289,94,Allen Robinson II (PIT),2021,12,3,34,26,26,8,2,0,6,3,0,0,1,0,0,0,0
290,95,Jerry Jeudy (DEN),2021,10,4,47,27,27,19,2,0,6,4,0,0,2,1,0,0,0
291,96,Mack Hollins (ATL),2021,16,1,14,12,12,2,1,0,2,1,0,1,0,0,0,0,0
292,97,Jalen Reagor (MIN),2021,17,2,18,9,9,9,3,0,3,2,0,0,1,0,0,0,0
293,98,Danny Amendola (FA),2021,8,3,31,18,18,13,2,0,5,3,0,0,1,1,0,0,0
294,99,Demarcus Robinson (FA),2021,15,2,18,13,13,4,1,0,3,2,0,0,1,0,0,0,0
295,100,Devin Duvernay (BAL),2021,16,2,17,8,8,9,2,0,3,2,0,1,1,0,0,0,0
296,101,Sammy Watkins (FA),2021,11,2,36,27,27,9,3,0,4,3,1,0,1,1,0,0,0
297,102,Kadarius Toney (KC),2021,9,4,47,21,21,25,7,0,6,5,0,1,2,1,0,0,0
298,103,Chris Conley (SF),2021,14,2,23,14,14,9,3,0,3,2,0,0,1,0,0,0,0
299,104,Darius Slayton (NYG),2021,13,2,26,21,21,5,1,0,4,3,0,0,1,0,0,0,0
300,105,James Washington (NO),2021,15,2,19,14,14,5,2,0,3,2,0,1,1,0,0,0,0
301,106,Sterling Shepard (NYG),2021,7,5,52,36,36,16,8,0,8,6,1,1,2,1,0,0,0
302,107,Calvin Ridley (JAC),2021,5,6,56,38,38,18,7,0,10,8,1,2,2,1,0,0,0
303,108,Damiere Byrd (CAR),2021,11,2,30,19,19,11,1,0,3,3,0,0,2,0,0,0,0
304,109,Antoine Wesley (FA),2021,8,2,26,18,18,8,4,0,4,3,0,1,1,1,0,0,0
305,110,Adam Humphries (FA),2021,17,2,23,14,14,9,2,0,4,3,0,0,1,0,0,0,0
306,111,Marquise Goodwin (CLE),2021,14,1,22,16,16,6,2,0,3,2,0,0,1,0,0,0,0
307,112,Lil'Jordan Humphrey (DEN),2021,8,2,31,19,19,13,3,0,2,2,0,0,1,1,0,0,0
308,113,Tyler Johnson (FA),2021,16,2,23,14,14,9,3,0,3,3,0,1,1,0,0,0,0
309,114,Chester Rogers (FA),2021,16,2,19,12,12,6,2,0,3,2,0,0,1,0,0,0,0
310,115,Chris Moore (TEN),2021,10,2,23,8,8,15,3,0,2,2,0,0,1,0,0,0,0
311,116,Cyril Grayson Jr. (FA),2021,3,3,71,47,47,23,0,0,4,3,0,0,2,1,1,1,1
312,117,Quintez Cephus (DET),2021,5,3,41,22,22,19,6,0,4,3,0,1,1,1,0,0,0
313,118,Cam Sims (LV),2021,12,1,18,14,14,4,0,0,2,1,0,0,1,0,0,0,0
314,119,Rashard Higgins (FA),2021,12,2,23,19,19,4,0,0,4,2,0,0,1,0,0,0,0
315,120,Malik Turner (IND),2021,7,2,21,11,11,11,9,0,2,2,0,1,1,0,0,0,0
316,121,Isaiah McKenzie (IND),2021,15,1,12,6,6,5,2,0,2,2,0,0,0,0,0,0,0
317,122,Ashton Dulin (IND),2021,16,1,11,8,8,3,0,0,1,1,0,0,0,0,0,0,0
318,123,Brandon Zylstra (FA),2021,12,2,21,11,11,10,3,0,2,2,0,0,1,0,0,0,0
319,124,John Ross (KC),2021,9,1,25,15,15,4,2,0,2,1,0,0,1,0,0,0,0
320,125,Jakeem Grant Sr. (CLE),2021,15,1,9,2,2,7,4,0,1,1,0,0,0,0,0,0,0
321,126,Isaiah Ford (FA),2021,9,1,18,11,11,7,3,0,2,1,0,0,1,0,0,0,0
322,127,Greg Ward (PHI),2021,10,1,10,8,8,2,0,0,1,1,0,1,0,0,0,0,0
323,128,DJ Chark Jr. (CAR),2021,3,2,51,43,43,8,4,0,7,3,0,0,2,1,0,0,0
324,129,Tavon Austin (FA),2021,12,2,18,13,13,5,3,0,3,2,0,0,1,0,0,0,0
325,130,Ray-Ray McCloud III (SF),2021,16,2,17,10,10,7,2,0,4,3,0,1,1,0,0,0,0
326,131,Ihmir Smith-Marsette (KC),2021,6,1,19,17,17,3,0,0,1,1,0,0,1,0,0,0,0
327,132,Kendall Hinton (DEN),2021,11,1,16,11,11,5,1,0,2,1,0,0,1,0,0,0,0
328,133,Anthony Schwartz (CLE),2021,13,1,10,10,10,1,0,0,2,1,0,0,0,0,0,0,0
329,134,Tajae Sharpe (FA),2021,14,2,16,12,12,5,2,0,3,2,0,0,1,0,0,0,0
330,135,Albert Wilson (FA),2021,10,3,21,7,7,14,5,0,4,3,0,0,1,0,0,0,0
331,136,Breshad Perriman (FA),2021,5,2,33,13,13,20,3,0,4,2,0,1,1,1,0,0,0
332,137,Parris Campbell (NYG),2021,6,2,27,24,24,3,0,0,3,2,0,0,1,1,0,0,0
333,138,James Proche II (BAL),2021,7,2,29,21,21,8,2,0,3,2,0,0,1,0,0,0,0
334,139,JuJu Smith-Schuster (NE),2021,5,3,26,12,12,14,6,1,6,3,0,0,1,0,0,0,0
335,140,Noah Brown (HOU),2021,10,2,18,12,12,7,3,0,3,2,0,0,1,0,0,0,0
336,141,Dee Eskridge (SEA),2021,8,1,8,4,4,4,1,0,3,2,0,0,0,0,0,0,0
337,142,Mohamed Sanu Sr. (FA),2021,8,2,22,17,17,6,2,0,3,2,0,0,1,0,0,0,0
338,143,KhaDarel Hodge (ATL),2021,12,1,13,10,10,3,1,0,2,1,0,0,1,0,0,0,0
339,144,N'Keal Harry (FA),2021,10,1,18,16,16,3,1,0,2,1,0,0,1,0,0,0,0
340,145,Kristian Wilkerson (LV),2021,1,4,42,37,37,5,3,1,8,5,1,1,1,1,0,0,0
341,146,Dyami Brown (WAS),2021,10,1,17,13,13,3,1,0,3,1,0,0,1,0,0,0,0
342,147,Terrace Marshall Jr. (CAR),2021,12,1,12,6,6,5,1,0,3,2,0,0,0,0,0,0,0
343,148,Marcus Johnson (FA),2021,7,1,23,9,9,14,4,0,3,1,0,0,1,0,0,0,0
344,149,Dante Pettis (CHI),2021,3,3,29,16,16,13,3,0,5,4,1,1,1,0,0,0,0
345,150,Trent Sherfield (BUF),2021,12,1,7,5,5,2,0,0,2,1,0,0,0,0,0,0,0
346,151,Scotty Miller (ATL),2021,6,1,6,5,5,2,1,0,2,1,0,0,0,0,0,0,0
347,152,Denzel Mims (NYJ),2021,10,1,13,8,8,5,1,0,2,1,0,0,1,0,0,0,0
348,153,Ben Skowronek (LAR),2021,12,1,11,7,7,4,1,0,2,1,0,0,1,0,0,0,0
349,154,Kenny Stills (FA),2021,7,1,10,8,8,1,1,0,3,1,0,0,0,0,0,0,0
350,155,Tom Kennedy (DET),2021,7,1,8,5,5,2,1,0,1,1,0,0,0,0,0,0,0
351,156,Equanimeous St. Brown (CHI),2021,12,1,8,3,3,5,1,0,1,1,0,0,0,0,0,0,0
352,157,Jeff Smith (NYG),2021,9,1,13,11,11,2,1,0,2,1,0,0,1,0,0,0,0
353,158,Phillip Dorsett II (LV),2021,5,1,22,17,17,5,1,0,3,1,0,0,1,0,0,0,0
354,159,Dez Fitzpatrick (PIT),2021,3,2,16,15,15,1,0,0,3,2,0,1,1,0,0,0,0
355,160,Collin Johnson (NYG),2021,8,1,13,11,11,2,1,0,3,2,0,0,1,0,0,0,0
356,161,Trinity Benson (DET),2021,7,1,15,7,7,7,2,0,3,2,0,0,0,0,0,0,0
357,162,Chris Hogan (FA),2021,5,1,8,4,4,4,0,0,2,1,0,0,0,0,0,0,0
358,163,Shi Smith (CAR),2021,5,1,21,7,7,14,1,0,2,1,0,0,1,0,0,0,0
359,164,Auden Tate (ARI),2021,4,1,10,5,5,5,2,1,1,1,0,0,1,0,0,0,0
360,165,Josh Gordon (FA),2021,9,1,4,3,3,1,0,0,2,1,0,0,0,0,0,0,0
361,166,Cameron Batson (FA),2021,4,1,4,4,4,0,0,0,1,1,0,1,0,0,0,0,0
362,167,Anthony Miller (PIT),2021,3,2,8,5,5,3,1,0,4,3,0,0,0,0,0,0,0
363,168,Dezmon Patmon (BUF),2021,4,1,5,5,5,1,0,0,1,1,0,0,0,0,0,0,0
364,169,Preston Williams (FA),2021,6,1,12,6,6,6,2,0,3,2,1,1,0,0,0,0,0
365,170,KJ Hamler (DEN),2021,3,2,25,19,19,5,0,0,3,2,0,0,1,1,0,0,0
366,171,Dede Westbrook (FA),2021,15,1,5,3,3,1,0,0,1,1,0,0,0,0,0,0,0
367,172,Ja'Marcus Bradley (PIT),2021,4,1,16,12,12,4,1,0,1,1,0,0,1,0,0,0,0
368,173,Dax Milne (WAS),2021,9,1,9,5,5,4,0,0,2,1,0,0,0,0,0,0,0
369,174,Penny Hart (ATL),2021,12,1,5,2,2,3,0,0,1,1,0,0,0,0,0,0,0
370,175,C.J. Board (FA),2021,6,1,9,6,6,2,0,0,1,1,0,0,0,0,0,0,0
371,176,Jason Moore Jr. (FA),2021,1,3,56,30,30,26,4,0,4,3,0,0,3,1,0,0,0
372,177,Amari Rodgers (HOU),2021,16,0,3,1,1,2,1,0,1,0,0,0,0,0,0,0,0
373,178,Alex Erickson (FA),2021,17,0,3,1,1,2,0,0,0,0,0,0,0,0,0,0,0
374,179,Jaelon Darden (CLE),2021,9,1,5,2,2,3,0,0,1,1,0,0,0,0,0,0,0
375,180,Mike Thomas (BAL),2021,7,1,7,6,6,2,1,0,2,1,0,0,0,0,0,0,0
376,181,William Fuller V (FA),2021,2,2,13,8,8,5,2,1,4,2,0,0,1,0,0,0,0
377,182,Greg Dortch (ARI),2021,5,1,3,-3,-3,6,1,0,1,1,0,0,0,0,0,0,0
378,183,Willie Snead IV (SF),2021,7,1,5,4,4,2,1,0,1,1,0,0,0,0,0,0,0
379,184,Kevin White (FA),2021,4,0,10,7,7,2,1,0,1,1,0,0,0,0,0,0,0
380,185,Juwann Winfree (IND),2021,5,2,12,5,5,6,2,0,3,2,0,1,1,0,0,0,0
381,186,Curtis Samuel (WAS),2021,5,1,5,-3,-3,8,1,0,2,1,0,0,0,0,0,0,0
382,187,J.J. Arcega-Whiteside (ATL),2021,7,0,5,1,1,4,0,0,1,1,0,0,0,0,0,0,0
383,188,D.J. Montgomery (FA),2021,2,2,18,11,11,8,0,0,3,2,0,1,1,0,0,0,0
384,189,Pharoh Cooper (FA),2021,8,1,4,3,3,1,0,0,1,1,0,0,0,0,0,0,0
385,190,Trenton Irwin (CIN),2021,5,0,7,1,1,6,0,0,1,0,0,0,0,0,0,0,0
386,191,Cody Hollister (TEN),2021,3,1,11,5,5,6,4,0,2,1,0,1,0,0,0,0,0
387,192,Cody White (PIT),2021,6,1,6,3,3,2,1,0,1,1,0,0,0,0,0,0,0
388,193,KJ Hill Jr. (FA),2021,6,1,5,3,3,2,0,0,1,1,0,0,0,0,0,0,0
389,194,Jake Kumerow (FA),2021,7,0,4,3,3,1,1,0,1,0,0,0,0,0,0,0,0
390,195,Christian Blake (FA),2021,10,0,3,2,2,0,0,0,1,1,0,0,0,0,0,0,0
391,196,Marcus Kemp (WAS),2021,12,0,2,1,1,1,0,0,0,0,0,0,0,0,0,0,0
392,197,Dazz Newsome (SF),2021,3,1,8,3,3,5,2,0,2,1,0,0,1,0,0,0,0
393,198,Tylan Wallace (BAL),2021,10,0,2,1,1,1,1,0,1,0,0,0,0,0,0,0,0
394,199,David Sills V (NYG),2021,4,1,4,4,4,1,0,0,2,1,0,0,0,0,0,0,0
395,200,Keith Kirkwood (NO),2021,3,1,6,0,0,5,1,0,2,1,0,0,0,0,0,0,0
396,201,Tyron Johnson (FA),2021,7,0,2,1,1,1,0,0,1,0,0,0,0,0,0,0,0
397,202,Stanley Morgan Jr. (CIN),2021,11,0,1,-1,-1,2,0,0,0,0,0,0,0,0,0,0,0
398,203,Frank Darby (ATL),2021,4,0,4,1,1,3,1,0,1,1,0,0,0,0,0,0,0
399,204,Racey McMath (TEN),2021,6,0,1,0,0,2,0,0,1,0,0,0,0,0,0,0,0
400,205,Travis Benjamin (FA),2021,5,0,0,0,0,0,0,0,1,0,0,0,0,0,0,0,0
401,206,Diontae Spencer (NYJ),2021,15,0,0,0,0,0,0,0,0,0,0,0,0,0,0,0,0
402,1,Davante Adams (LV),2020,14,8,98,56,56,43,11,0,11,8,0,2,4,1,1,0,0
403,2,Tyreek Hill (MIA),2020,15,6,85,56,56,29,8,1,9,6,0,1,3,1,1,0,0
404,3,Stefon Diggs (BUF),2020,16,8,96,67,67,29,11,0,10,9,1,1,4,1,0,0,0
405,4,Calvin Ridley (JAC),2020,15,6,92,73,73,18,5,0,10,6,0,1,4,2,1,0,0
406,5,DK Metcalf (SEA),2020,16,5,81,59,59,23,9,1,8,6,1,1,3,1,1,0,0
407,6,Justin Jefferson (MIN),2020,16,6,88,59,59,29,13,1,8,6,0,1,4,1,1,0,0
408,7,Adam Thielen (CAR),2020,15,5,62,45,45,16,5,0,7,6,0,1,2,1,0,0,0
409,8,Mike Evans (TB),2020,16,4,63,47,47,16,5,0,7,5,0,1,3,1,0,0,0
410,9,A.J. Brown (PHI),2020,14,5,77,46,46,31,15,1,8,5,0,1,3,1,1,0,0
411,10,DeAndre Hopkins (ARI),2020,16,7,88,55,55,33,11,1,10,7,0,1,4,1,1,0,0
412,11,Tyler Lockett (SEA),2020,16,6,66,45,45,20,2,0,8,7,1,1,3,1,0,0,0
413,12,Allen Robinson II (PIT),2020,16,6,78,58,58,20,7,0,9,7,0,1,3,1,0,0,0
414,13,Robert Woods (HOU),2020,16,6,59,27,27,31,5,0,8,6,0,1,2,1,0,0,0
415,14,Chase Claypool (CHI),2020,16,4,55,34,34,21,6,0,7,4,0,1,2,1,1,0,0
416,15,Marvin Jones Jr. (DET),2020,16,5,61,49,49,12,4,0,7,5,0,1,3,1,0,0,0
417,16,Brandin Cooks (DAL),2020,15,5,77,53,53,23,6,0,8,6,0,1,3,1,0,0,0
418,17,DJ Moore (CHI),2020,15,4,80,54,54,25,9,0,8,5,0,1,3,1,1,0,0
419,18,Keenan Allen (LAC),2020,14,7,71,41,41,30,10,0,11,8,0,1,3,1,0,0,0
420,19,Amari Cooper (CLE),2020,16,6,70,43,43,26,11,0,8,6,0,1,3,1,0,0,0
421,20,CeeDee Lamb (DAL),2020,16,5,58,39,39,19,4,0,7,5,1,1,2,1,0,0,0
422,21,Nelson Agholor (BAL),2020,16,3,56,42,42,14,3,0,5,3,0,1,2,1,0,0,0
423,22,JuJu Smith-Schuster (NE),2020,16,6,52,26,26,26,7,0,8,6,0,1,2,1,0,0,0
424,23,Terry McLaurin (WAS),2020,15,6,75,43,43,31,13,1,9,6,0,1,3,1,0,0,0
425,24,William Fuller V (FA),2020,11,5,80,53,53,26,6,0,7,5,0,1,3,1,1,0,0
426,25,Curtis Samuel (WAS),2020,15,5,57,36,36,21,7,0,6,5,0,1,3,1,0,0,0
427,26,Diontae Johnson (PIT),2020,15,6,62,36,36,25,10,0,10,7,1,1,2,1,0,0,0
428,27,Chosen Anderson (MIA),2020,16,6,69,37,37,31,8,0,9,6,0,1,3,1,0,0,0
429,28,Tee Higgins (CIN),2020,16,4,57,38,38,19,7,0,7,5,1,1,2,1,0,0,0
430,29,Corey Davis (NYJ),2020,14,5,70,50,50,21,6,0,7,5,0,1,3,1,0,0,0
431,30,Chris Godwin (TB),2020,12,5,70,46,46,24,12,0,7,6,0,1,3,1,1,0,0
432,31,Cole Beasley (FA),2020,15,5,64,41,41,23,6,0,7,6,0,1,3,1,0,0,0
433,32,Marquise Brown (ARI),2020,16,4,48,31,31,17,4,0,6,4,0,1,2,1,0,0,0
434,33,Brandon Aiyuk (SF),2020,12,5,62,38,38,24,7,1,8,5,0,1,3,1,0,0,0
435,34,Cooper Kupp (LAR),2020,15,6,65,31,31,34,12,1,8,7,0,1,2,1,0,0,0
436,35,Jarvis Landry (FA),2020,15,5,56,33,33,23,7,0,7,5,0,1,3,1,0,0,0
437,36,Michael Gallup (DAL),2020,16,4,53,37,37,15,5,0,7,4,0,1,3,1,0,0,0
438,37,Tyler Boyd (CIN),2020,15,5,56,33,33,23,5,0,7,5,0,1,3,0,0,0,0
439,38,Jamison Crowder (NYG),2020,12,5,58,32,32,26,12,0,7,5,0,1,2,1,0,0,0
440,39,Tim Patrick (DEN),2020,15,3,49,34,34,16,5,0,5,3,0,1,2,1,0,0,0
441,40,Russell Gage (TB),2020,16,5,49,32,32,18,6,0,7,5,0,1,2,0,0,0,0
442,41,T.Y. Hilton (FA),2020,15,4,51,38,38,13,4,0,6,4,0,1,2,1,0,0,0
443,42,Mike Williams (LAC),2020,15,3,50,40,40,11,4,0,6,3,0,1,2,1,0,0,0
444,43,Jerry Jeudy (DEN),2020,16,3,54,36,36,18,4,0,7,4,1,0,2,1,0,0,0
445,44,Marquez Valdes-Scantling (KC),2020,16,2,43,27,27,16,2,0,4,3,0,0,1,1,1,0,0
446,45,Emmanuel Sanders (FA),2020,14,4,52,40,40,12,3,0,6,5,0,1,2,1,0,0,0
447,46,DeVante Parker (NE),2020,14,5,57,44,44,13,6,0,7,5,0,1,3,1,0,0,0
448,47,Gabe Davis (BUF),2020,16,2,37,29,29,8,3,0,4,2,0,1,2,1,0,0,0
449,48,DJ Chark Jr. (CAR),2020,13,4,54,42,42,13,3,0,7,4,0,1,2,1,0,0,0
450,49,Keelan Cole Sr. (LV),2020,16,3,40,29,29,11,4,0,6,4,0,1,2,1,0,0,0
451,50,Laviska Shenault Jr. (CAR),2020,14,4,43,22,22,21,8,1,6,4,0,1,2,1,0,0,0
452,51,Christian Kirk (JAC),2020,14,3,44,32,32,13,2,0,6,4,0,1,1,1,0,0,0
453,52,Sterling Shepard (NYG),2020,12,6,55,38,38,17,4,0,8,6,0,1,3,1,0,0,0
454,53,Julio Jones (FA),2020,9,6,86,60,60,26,10,1,8,6,0,1,4,2,0,0,0
455,54,Zach Pascal (ARI),2020,16,3,39,25,25,15,4,0,4,3,0,1,2,1,0,0,0
456,55,Darnell Mooney (CHI),2020,16,4,39,24,24,16,5,1,6,4,0,1,2,0,0,0,0
457,56,Darius Slayton (NYG),2020,16,3,47,37,37,10,2,0,6,4,0,1,2,1,0,0,0
458,57,Mecole Hardman Jr. (NYJ),2020,16,3,35,17,17,18,3,0,4,3,1,0,1,0,0,0,0
459,58,Rashard Higgins (FA),2020,13,3,46,40,40,6,1,0,4,3,0,1,2,1,0,0,0
460,59,David Moore (TB),2020,16,2,26,16,16,11,2,0,3,2,0,1,1,0,0,0,0
461,60,Jakobi Meyers (LV),2020,14,4,52,37,37,15,3,0,6,5,0,0,2,1,0,0,0
462,61,Kendrick Bourne (NE),2020,15,3,44,30,30,15,6,0,5,4,0,1,2,0,0,0,0
463,62,Greg Ward (PHI),2020,16,3,26,16,16,10,3,0,5,3,0,0,1,0,0,0,0
464,63,Travis Fulgham (FA),2020,13,3,41,34,34,8,4,0,5,3,0,1,2,0,0,0,0
465,64,Hunter Renfrow (LV),2020,16,4,41,20,20,21,7,0,5,4,0,0,2,0,0,0,0
466,65,Josh Reynolds (DET),2020,16,3,39,25,25,14,5,0,5,3,0,0,2,1,0,0,0
467,66,Antonio Brown (FA),2020,8,6,60,29,29,31,9,0,8,6,0,1,3,1,0,0,0
468,67,Isaiah McKenzie (IND),2020,16,2,18,6,6,11,2,0,2,2,0,0,1,0,0,0,0
469,68,Scotty Miller (ATL),2020,16,2,31,25,25,6,2,0,3,2,0,0,1,0,0,0,0
470,69,James Washington (NO),2020,16,2,25,15,15,9,5,0,4,2,0,0,1,0,0,0,0
471,70,Tre'Quan Smith (NO),2020,14,2,32,22,22,10,4,0,4,3,0,0,1,1,0,0,0
472,71,Breshad Perriman (FA),2020,12,3,42,29,29,13,3,0,5,3,0,1,2,1,0,0,0
473,72,Jalen Guyton (LAC),2020,16,2,32,21,21,11,1,0,3,2,0,0,1,0,0,0,0
474,73,Damiere Byrd (CAR),2020,16,3,38,27,27,11,2,0,5,3,0,0,1,1,0,0,0
475,74,Allen Lazard (NYJ),2020,10,3,45,26,26,20,4,0,5,4,1,1,2,1,0,0,0
476,75,A.J. Green (FA),2020,16,3,33,27,27,6,3,0,7,3,0,1,2,0,0,0,0
477,76,Odell Beckham Jr. (BAL),2020,7,3,46,39,39,7,3,0,6,4,0,1,2,0,0,0,0
478,77,John Brown (FA),2020,9,4,51,31,31,20,4,0,6,4,0,1,2,1,0,0,0
479,78,Demarcus Robinson (FA),2020,15,3,31,20,20,12,4,0,4,3,0,0,1,0,0,0,0
480,79,Randall Cobb (NYJ),2020,10,4,44,28,28,17,2,0,5,4,0,1,2,1,0,0,0
481,80,Willie Snead IV (SF),2020,13,3,33,19,19,14,5,1,4,3,0,1,1,1,0,0,0
482,81,Danny Amendola (FA),2020,14,3,43,22,22,21,5,0,5,3,0,0,2,1,0,0,0
483,82,Braxton Berrios (MIA),2020,16,2,25,11,11,14,4,0,3,3,0,0,1,0,0,0,0
484,83,KJ Hamler (DEN),2020,13,2,29,20,20,10,2,0,4,3,1,0,1,0,0,0,0
485,84,Anthony Miller (PIT),2020,16,3,30,21,21,9,2,0,5,3,0,1,1,0,0,0,0
486,85,Tyron Johnson (FA),2020,12,2,33,28,28,5,3,0,2,2,0,0,1,1,0,0,0
487,86,Michael Pittman Jr. (IND),2020,13,3,39,16,16,23,6,0,5,3,0,1,2,0,0,0,0
488,87,Henry Ruggs III (FA),2020,13,2,35,24,24,11,2,0,3,2,0,0,1,1,0,0,0
489,88,Chris Conley (SF),2020,15,3,31,19,19,12,5,0,4,3,0,0,1,0,0,0,0
490,89,Preston Williams (FA),2020,8,2,36,31,31,5,1,0,4,3,0,1,1,1,0,0,0
491,90,Jalen Reagor (MIN),2020,11,3,36,19,19,17,3,0,5,3,0,0,2,0,0,0,0
492,91,Cam Sims (LV),2020,16,2,30,14,14,16,5,0,3,2,0,0,1,1,0,0,0
493,92,Keke Coutee (FA),2020,8,4,50,32,32,19,5,1,5,4,0,1,2,0,0,0,0
494,93,Golden Tate (FA),2020,12,3,32,26,26,7,2,0,4,3,0,0,2,0,0,0,0
495,94,Sammy Watkins (FA),2020,10,4,42,26,26,16,4,0,6,4,0,1,2,0,0,0,0
496,95,Jakeem Grant Sr. (CLE),2020,14,3,27,15,15,12,5,1,4,3,0,0,1,0,0,0,0
497,96,Miles Boykin (PIT),2020,16,1,17,11,11,5,1,0,2,1,0,0,1,0,0,0,0
498,97,Deebo Samuel (SF),2020,7,5,56,-1,-1,57,26,1,6,5,0,0,2,1,0,0,0
499,98,Quintez Cephus (DET),2020,13,2,27,20,20,7,1,0,3,2,0,0,1,1,0,0,0
500,99,Larry Fitzgerald (FA),2020,13,4,31,17,17,14,3,0,6,4,0,1,1,0,0,0,0
501,100,Kenny Golladay (FA),2020,5,4,68,60,60,8,1,0,6,4,0,1,3,1,0,0,0
502,101,Donovan Peoples-Jones (CLE),2020,12,1,25,19,19,6,0,0,2,1,0,0,1,0,0,0,0
503,102,Michael Thomas (NO),2020,7,6,63,51,51,12,5,0,8,6,0,1,3,1,0,0,0
504,103,Marvin Hall (FA),2020,12,2,25,20,20,5,1,0,3,2,0,0,1,0,0,0,0
505,104,Richie James Jr. (KC),2020,11,2,36,19,19,17,3,0,3,2,0,0,1,1,0,0,0
506,105,Collin Johnson (NYG),2020,14,1,19,13,13,6,1,0,2,1,0,0,1,0,0,0,0
507,106,N'Keal Harry (FA),2020,14,2,22,15,15,8,2,0,4,2,0,1,1,0,0,0,0
508,107,DaeSean Hamilton (FA),2020,16,1,18,12,12,6,2,0,3,2,0,0,1,0,0,0,0
509,108,Denzel Mims (NYJ),2020,9,3,40,28,28,12,4,1,5,3,0,0,2,1,0,0,0
510,109,Julian Edelman (FA),2020,6,4,53,42,42,11,1,0,7,4,0,1,2,1,0,0,0
511,110,Adam Humphries (FA),2020,7,3,33,27,27,6,1,0,5,3,0,1,1,0,0,0,0
512,111,Cedrick Wilson Jr. (MIA),2020,16,1,12,5,5,7,2,0,2,1,0,0,0,0,0,0,0
513,112,Andy Isabella (BAL),2020,13,2,17,11,11,6,2,0,3,2,0,0,1,0,0,0,0
514,113,Olamide Zaccheaus (PHI),2020,11,2,25,19,19,6,2,0,3,2,0,0,1,0,0,0,0
515,114,Devin Duvernay (BAL),2020,16,1,13,5,5,7,2,0,2,1,0,0,0,0,0,0,0
516,115,DeSean Jackson (FA),2020,5,3,47,34,34,13,1,0,5,3,0,0,1,1,0,0,0
517,116,Steven Sims Jr. (HOU),2020,12,2,22,12,12,11,2,0,3,2,0,0,1,0,0,0,0
518,117,Chad Beebe (FA),2020,14,1,14,9,9,5,2,0,2,2,0,0,1,0,0,0,0
519,118,Chad Hansen (FA),2020,5,3,47,40,40,7,3,0,5,4,0,0,2,1,0,0,0
520,119,Tyler Johnson (FA),2020,14,1,12,7,7,5,1,0,1,1,0,0,1,0,0,0,0
521,120,Dontrelle Inman (FA),2020,10,2,16,12,12,4,1,0,3,2,0,0,1,0,0,0,0
522,121,Byron Pringle (FA),2020,12,1,13,8,8,6,3,0,1,1,0,0,1,0,0,0,0
523,122,Van Jefferson (LAR),2020,16,1,14,11,11,3,1,0,2,1,0,0,1,0,0,0,0
524,123,Freddie Swain (MIA),2020,16,1,10,4,4,6,1,0,1,1,0,0,0,0,0,0,0
525,124,Deonte Harty (BUF),2020,9,2,21,6,6,15,8,0,3,2,0,0,1,0,0,0,0
526,125,Isaiah Ford (FA),2020,10,3,28,20,20,7,3,0,4,3,0,0,1,0,0,0,0
527,126,Mohamed Sanu Sr. (FA),2020,10,2,19,15,15,4,0,0,2,2,0,0,1,0,0,0,0
528,127,Lynn Bowden Jr. (FA),2020,10,3,21,10,10,11,6,1,4,3,0,0,1,0,0,0,0
529,128,Marcus Johnson (FA),2020,11,1,23,19,19,4,1,0,3,2,0,0,1,1,0,0,0
530,129,Bryan Edwards (NO),2020,12,1,16,9,9,7,3,0,1,1,0,0,1,0,0,0,0
531,130,Zay Jones (JAC),2020,16,1,10,6,6,4,2,0,1,1,0,0,0,0,0,0,0
532,131,Mack Hollins (ATL),2020,16,1,11,9,9,2,0,0,2,1,0,0,0,0,0,0,0
533,132,Marquez Callaway (DEN),2020,11,2,19,14,14,5,2,0,2,2,0,0,1,0,0,0,0
534,133,Bisi Johnson (FA),2020,16,1,12,8,8,4,2,0,1,1,0,0,1,0,0,0,0
535,134,Gunner Olszewski (PIT),2020,13,0,5,2,2,3,0,0,0,0,0,0,0,0,0,0,0
536,135,Kenny Stills (FA),2020,10,1,14,13,13,2,1,0,2,1,0,0,1,0,0,0,0
537,136,Isaiah Wright (FA),2020,14,2,14,4,4,10,3,0,3,2,0,0,0,0,0,0,0
538,137,John Hightower (LAC),2020,13,1,13,9,9,4,2,0,2,1,0,0,0,0,0,0,0
539,138,Equanimeous St. Brown (CHI),2020,12,1,10,5,5,5,2,0,1,1,0,0,1,0,0,0,0
540,139,Kalif Raymond (DET),2020,15,1,12,10,10,3,1,0,1,1,0,0,0,0,0,0,0
541,140,KhaDarel Hodge (ATL),2020,9,1,20,17,17,3,1,0,2,1,0,0,1,0,0,0,0
542,141,Cameron Batson (FA),2020,12,1,8,5,5,4,1,0,1,1,0,0,0,0,0,0,0
543,142,Brandon Powell (MIN),2020,15,1,5,2,2,2,0,0,1,1,0,0,0,0,0,0,0
544,143,Alshon Jeffery (FA),2020,7,1,16,13,13,4,1,0,2,1,0,0,1,0,0,0,0
545,144,Mike Thomas (BAL),2020,14,1,9,7,7,2,1,0,2,1,0,0,0,0,0,0,0
546,145,KeeSean Johnson (BUF),2020,8,2,22,15,15,6,2,0,3,2,0,0,1,0,0,0,0
547,146,Laquon Treadwell (FA),2020,5,1,10,7,7,3,2,0,1,1,0,1,0,0,0,0,0
548,147,Jeff Smith (NYG),2020,12,1,14,10,10,4,1,0,3,2,0,0,1,0,0,0,0
549,148,Dez Bryant (FA),2020,6,1,8,2,2,6,1,0,2,1,0,0,0,0,0,0,0
550,149,Quez Watkins (PHI),2020,6,1,18,8,8,10,1,0,2,2,0,0,1,0,0,0,0
551,150,Jamal Agnew (JAC),2020,14,1,6,-1,-1,7,2,0,1,1,0,0,0,0,0,0,0
552,151,Noah Brown (HOU),2020,16,1,10,7,7,3,1,0,2,1,0,0,0,0,0,0,0
553,152,Malcolm Perry (FA),2020,9,1,10,7,7,4,0,0,1,1,0,0,0,0,0,0,0
554,153,Auden Tate (ARI),2020,9,2,17,10,10,6,2,0,2,2,0,0,1,0,0,0,0
555,154,Christian Blake (FA),2020,16,1,9,7,7,2,0,0,1,1,0,0,0,0,0,0,0
556,155,Malik Taylor (NYJ),2020,15,0,4,1,1,3,0,0,0,0,0,0,0,0,0,0,0
557,156,DeMichael Harris (FA),2020,7,1,11,2,2,9,1,0,1,1,0,0,1,0,0,0,0
558,157,Ray-Ray McCloud III (SF),2020,16,1,5,-2,-2,7,1,0,1,1,0,0,0,0,0,0,0
559,158,Chris Hogan (FA),2020,5,3,24,16,16,7,2,0,5,3,0,0,1,0,0,0,0
560,159,Dante Pettis (CHI),2020,7,1,11,10,10,1,0,0,1,1,0,0,1,0,0,0,0
561,160,Javon Wims (ARI),2020,13,0,4,3,3,0,0,0,1,0,0,0,0,0,0,0,0
562,161,Alex Erickson (FA),2020,16,1,9,5,5,4,1,0,1,1,0,0,0,0,0,0,0
563,162,Lil'Jordan Humphrey (DEN),2020,3,1,15,12,12,3,2,0,2,1,0,0,1,0,0,0,0
564,163,J.J. Arcega-Whiteside (ATL),2020,8,1,11,10,10,1,0,0,1,1,0,0,0,0,0,0,0
565,164,Diontae Spencer (NYJ),2020,11,0,2,1,1,1,0,0,1,0,0,0,0,0,0,0,0
566,165,C.J. Board (FA),2020,14,1,7,5,5,2,1,0,1,1,0,0,0,0,0,0,0
567,166,Justin Watson (KC),2020,11,1,9,7,7,2,0,0,1,1,0,0,0,0,0,0,0
568,167,Austin Mack (FA),2020,11,1,8,5,5,3,1,0,1,1,0,0,0,0,0,0,0
569,168,Austin Carr (FA),2020,6,1,5,3,3,2,1,0,1,1,0,0,0,0,0,0,0
570,169,Parris Campbell (NYG),2020,2,3,36,27,27,9,2,0,5,3,0,0,2,1,0,0,0
571,170,Trent Taylor (CIN),2020,12,1,7,4,4,4,1,0,2,1,0,1,0,0,0,0,0
572,171,Pharoh Cooper (FA),2020,16,0,5,2,2,2,0,0,1,0,0,0,0,0,0,0,0
573,172,Courtland Sutton (DEN),2020,1,3,66,59,59,7,0,0,6,4,1,0,2,2,1,1,0
574,173,Ashton Dulin (IND),2020,13,0,4,2,2,2,0,0,0,0,0,0,0,0,0,0,0
575,174,Damion Ratley (FA),2020,5,1,13,11,11,2,1,0,2,1,0,1,0,0,0,0,0
576,175,Tyrie Cleveland (PHI),2020,10,1,6,5,5,2,1,0,1,1,0,0,0,0,0,0,0
577,176,Ja'Marcus Bradley (PIT),2020,3,2,20,16,16,4,1,0,4,2,0,0,1,0,0,0,0
578,177,Steven Mitchell Jr. (FA),2020,6,1,10,8,8,2,0,0,1,1,0,0,1,0,0,0,0
579,178,Jaydon Mickens (NYG),2020,10,1,6,3,3,3,1,0,1,1,0,0,0,0,0,0,0
580,179,KJ Hill Jr. (FA),2020,15,0,5,4,4,1,0,0,1,1,0,0,0,0,0,0,0
581,180,Nick Westbrook-Ikhine (TEN),2020,14,0,2,2,2,0,0,0,1,0,0,0,0,0,0,0,0
582,181,Trent Sherfield (BUF),2020,15,0,3,2,2,2,0,0,0,0,0,0,0,0,0,0,0
583,182,River Cracraft (MIA),2020,9,1,5,3,3,1,0,0,1,1,0,0,0,0,0,0,0
584,183,Ted Ginn Jr. (FA),2020,5,1,8,6,6,2,0,0,1,1,0,0,0,0,0,0,0
585,184,Riley Ridley (FA),2020,5,1,8,7,7,1,0,0,1,1,0,0,0,0,0,0,0
586,185,Robert Foster (FA),2020,4,1,9,1,1,8,8,0,2,1,0,0,0,0,0,0,0
587,186,Brandon Zylstra (FA),2020,16,0,2,1,1,1,0,0,0,0,0,0,0,0,0,0,0
588,187,Terry Godwin (FA),2020,3,1,11,10,10,1,1,0,2,1,0,0,0,0,0,0,0
589,188,Lawrence Cager (NYG),2020,2,1,18,11,11,7,0,0,3,1,0,1,1,0,0,0,0
590,189,Seth Roberts (FA),2020,7,1,4,1,1,3,1,0,1,1,0,0,0,0,0,0,0
591,190,Josh Malone (FA),2020,4,1,4,2,2,2,1,0,2,1,0,0,0,0,0,0,0
592,191,Darrius Shepherd (FA),2020,8,1,6,4,4,2,0,0,1,1,0,0,0,0,0,0,0
593,192,Antonio Gandy-Golden (FA),2020,6,0,1,0,0,0,0,0,1,0,0,0,0,0,0,0,0
594,193,Antonio Callaway (DAL),2020,5,0,4,3,3,1,0,0,1,0,0,0,0,0,0,0,0
595,194,Deontay Burnett (FA),2020,2,2,10,8,8,2,1,0,2,2,0,1,1,0,0,0,0
596,195,John Ross (KC),2020,3,1,6,5,5,1,1,0,2,1,0,0,0,0,0,0,0
597,196,Bennie Fowler III (FA),2020,5,0,2,2,2,0,0,0,1,1,0,0,0,0,0,0,0
598,197,Tavon Austin (FA),2020,4,1,5,-6,-6,11,0,0,1,1,0,0,0,0,0,0,0
599,198,Andre Roberts (FA),2020,15,0,2,2,2,0,0,0,0,0,0,0,0,0,0,0,0
600,1,Michael Thomas (NO),2019,16,9,108,71,71,36,10,0,12,10,0,1,5,1,0,0,0
601,2,Chris Godwin (TB),2019,14,6,95,54,54,41,20,1,9,6,0,1,4,2,1,0,0
602,3,Kenny Golladay (FA),2019,16,4,74,55,55,19,4,0,7,4,0,1,3,1,1,0,0
603,4,Cooper Kupp (LAR),2019,16,6,73,39,39,34,10,1,8,6,0,1,3,1,0,0,0
604,5,Julio Jones (FA),2019,15,7,93,69,69,24,9,0,10,7,0,1,4,1,1,0,0
605,6,DeVante Parker (NE),2019,16,5,75,59,59,16,6,0,8,5,0,1,3,1,1,0,0
606,7,Amari Cooper (CLE),2019,16,5,74,57,57,17,5,0,7,5,0,1,3,1,0,0,0
607,8,Mike Evans (TB),2019,13,5,89,69,69,20,8,0,9,6,1,1,4,1,1,1,0
608,9,DeAndre Hopkins (ARI),2019,15,7,78,52,52,26,10,1,10,7,0,1,3,1,0,0,0
609,10,A.J. Brown (PHI),2019,16,3,66,37,37,29,16,1,5,3,0,1,2,1,1,1,0
610,11,Keenan Allen (LAC),2019,16,7,75,52,52,23,7,0,9,7,0,1,3,1,0,0,0
611,12,Allen Robinson II (PIT),2019,16,6,72,55,55,17,5,0,10,7,0,1,3,1,0,0,0
612,13,Julian Edelman (FA),2019,16,6,70,50,50,20,5,0,10,7,1,1,3,1,0,0,0
613,14,Jarvis Landry (FA),2019,16,5,73,46,46,27,12,0,9,6,0,1,3,1,0,0,0
614,15,Tyler Lockett (SEA),2019,16,5,66,47,47,19,4,0,7,5,0,1,3,1,0,0,0
615,16,DJ Chark Jr. (CAR),2019,15,5,67,45,45,22,8,0,8,5,0,1,3,1,1,0,0
616,17,Courtland Sutton (DEN),2019,16,5,70,48,48,22,11,1,8,5,0,1,3,1,1,0,0
617,18,Stefon Diggs (BUF),2019,15,4,75,55,55,20,5,0,6,5,0,0,2,1,1,1,0
618,19,John Brown (FA),2019,15,5,71,57,57,14,6,0,8,5,0,1,3,1,0,0,0
619,20,Michael Gallup (DAL),2019,14,5,79,55,55,24,11,1,8,6,1,1,4,1,1,0,0
620,21,DJ Moore (CHI),2019,15,6,78,53,53,26,10,0,9,6,0,1,3,1,1,0,0
621,22,Robert Woods (HOU),2019,15,6,76,37,37,38,7,0,9,6,0,1,4,1,0,0,0
622,23,Calvin Ridley (JAC),2019,13,5,67,56,56,11,3,0,7,5,0,1,3,1,0,0,0
623,24,Terry McLaurin (WAS),2019,14,4,66,50,50,16,8,0,7,5,0,1,3,1,0,0,0
624,25,Tyler Boyd (CIN),2019,16,6,65,39,39,26,7,0,9,6,0,1,3,1,0,0,0
625,26,Deebo Samuel (SF),2019,15,4,53,22,22,32,11,0,5,4,1,1,2,1,0,0,0
626,27,Marvin Jones Jr. (DET),2019,13,5,60,52,52,8,6,0,7,5,0,1,3,1,0,0,0
627,28,Tyreek Hill (MIA),2019,12,5,72,49,49,23,6,0,7,5,0,1,3,1,1,1,0
628,29,Davante Adams (LV),2019,12,7,83,51,51,32,7,0,11,8,1,2,3,1,1,0,0
629,30,DK Metcalf (SEA),2019,16,4,56,39,39,17,5,0,6,4,0,1,2,1,0,0,0
630,31,Odell Beckham Jr. (BAL),2019,16,5,65,44,44,20,3,0,8,5,0,1,2,1,1,0,0
631,32,Emmanuel Sanders (FA),2019,17,4,51,37,37,14,3,0,6,4,0,1,2,1,0,0,0
632,33,Darius Slayton (NYG),2019,14,3,53,39,39,14,5,0,6,4,0,0,2,1,1,0,0
633,34,Jamison Crowder (NYG),2019,16,5,52,30,30,22,7,0,8,6,1,1,2,1,0,0,0
634,35,Cole Beasley (FA),2019,15,4,52,30,30,22,5,0,7,5,0,1,2,1,0,0,0
635,36,Curtis Samuel (WAS),2019,16,3,39,30,30,10,3,0,7,4,0,1,2,1,0,0,0
636,37,Mike Williams (LAC),2019,15,3,67,54,54,12,5,0,6,4,0,1,3,1,1,1,0
637,38,Chosen Anderson (MIA),2019,16,3,49,37,37,12,3,0,6,4,0,0,2,1,0,0,0
638,39,Chris Conley (SF),2019,16,3,48,33,33,16,8,0,6,4,0,0,2,1,0,0,0
639,40,Diontae Johnson (PIT),2019,16,4,43,23,23,19,6,1,6,4,0,0,2,0,0,0,0
640,41,Golden Tate (FA),2019,11,4,61,36,36,26,13,0,8,5,0,1,2,1,0,0,0
641,42,Larry Fitzgerald (FA),2019,16,5,50,29,29,21,7,0,7,5,0,1,2,1,0,0,0
642,43,Breshad Perriman (FA),2019,14,3,46,37,37,9,3,0,5,3,0,0,2,1,1,0,0
643,44,Tyrell Williams (FA),2019,14,3,47,33,33,14,5,0,5,4,0,1,2,1,0,0,0
644,45,Marquise Brown (ARI),2019,14,3,42,26,26,16,4,0,5,4,0,1,1,1,0,0,0
645,46,Christian Kirk (JAC),2019,13,5,55,33,33,22,5,0,8,6,0,1,2,0,0,0,0
646,47,Randall Cobb (NYJ),2019,15,4,55,33,33,22,7,0,6,4,1,1,2,1,0,0,0
647,48,Zach Pascal (ARI),2019,16,3,38,23,23,15,4,0,5,3,0,1,2,1,0,0,0
648,49,Mecole Hardman Jr. (NYJ),2019,16,2,34,15,15,18,6,0,3,2,0,0,1,1,0,0,0
649,50,Dede Westbrook (FA),2019,15,4,44,23,23,21,7,0,7,5,0,1,2,1,0,0,0
650,51,James Washington (NO),2019,15,3,49,37,37,12,5,0,5,3,0,0,2,1,1,0,0
651,52,Sammy Watkins (FA),2019,14,4,48,27,27,21,5,0,6,4,0,0,2,1,0,0,0
652,53,William Fuller V (FA),2019,11,4,61,41,41,20,4,0,6,5,0,1,2,1,1,0,0
653,54,Sterling Shepard (NYG),2019,10,6,58,40,40,18,7,0,8,6,0,1,2,1,0,0,0
654,55,Hunter Renfrow (LV),2019,13,4,47,23,23,23,12,0,5,4,0,1,2,1,0,0,0
655,56,Adam Thielen (CAR),2019,10,3,42,30,30,12,5,0,5,3,0,1,2,1,0,0,0
656,57,T.Y. Hilton (FA),2019,10,5,50,29,29,21,9,0,7,5,0,1,2,1,0,0,0
657,58,Kenny Stills (FA),2019,13,3,43,32,32,11,2,0,4,3,0,0,2,1,1,0,0
658,59,Alshon Jeffery (FA),2019,10,4,49,38,38,11,2,0,7,5,0,1,2,1,0,0,0
659,60,Danny Amendola (FA),2019,15,4,45,31,31,14,3,0,6,4,0,1,2,0,0,0,0
660,61,Anthony Miller (PIT),2019,16,3,41,27,27,14,3,0,5,3,0,1,2,1,0,0,0
661,62,Steven Sims Jr. (HOU),2019,16,2,19,9,9,11,1,0,4,2,0,1,1,0,0,0,0
662,63,Brandin Cooks (DAL),2019,14,3,42,30,30,12,3,0,5,3,0,0,2,1,0,0,0
663,64,Corey Davis (NYJ),2019,15,3,40,24,24,16,9,1,5,3,0,0,2,1,0,0,0
664,65,Phillip Dorsett II (LV),2019,14,2,28,23,23,6,1,0,4,2,0,1,1,0,0,0,0
665,66,JuJu Smith-Schuster (NE),2019,12,4,46,27,27,19,9,0,6,4,0,1,2,1,0,0,0
666,67,Demarcus Robinson (FA),2019,16,2,28,21,21,7,2,0,3,2,0,0,1,0,0,0,0
667,68,Kendrick Bourne (NE),2019,16,2,22,15,15,8,4,0,3,2,0,0,1,0,0,0,0
668,69,Allen Lazard (NYJ),2019,16,2,30,22,22,8,2,0,3,2,0,0,1,0,0,0,0
669,70,John Ross (KC),2019,8,4,63,39,39,25,8,0,7,5,1,0,2,1,1,0,0
670,71,Mohamed Sanu Sr. (FA),2019,15,4,35,22,22,13,5,0,6,4,0,1,2,0,0,0,0
671,72,Willie Snead IV (SF),2019,16,2,21,13,13,8,5,0,3,2,0,0,1,0,0,0,0
672,73,Auden Tate (ARI),2019,13,3,44,35,35,9,5,0,6,3,0,1,2,1,0,0,0
673,74,Taylor Gabriel (FA),2019,9,3,39,30,30,9,1,0,5,4,0,0,2,0,0,0,0
674,75,Preston Williams (FA),2019,8,4,54,43,43,11,3,0,8,5,1,1,3,1,0,0,0
675,76,Marquez Valdes-Scantling (KC),2019,16,2,28,19,19,9,5,0,4,2,0,0,1,0,0,0,0
676,77,Tajae Sharpe (FA),2019,15,2,22,18,18,4,0,0,2,2,0,0,1,0,0,0,0
677,78,Ted Ginn Jr. (FA),2019,16,2,26,23,23,3,0,0,4,3,0,0,1,0,0,0,0
678,79,Nelson Agholor (BAL),2019,11,4,33,22,22,11,4,0,6,4,0,1,1,0,0,0,0
679,80,Keelan Cole Sr. (LV),2019,16,2,23,16,16,6,1,0,2,2,0,0,1,0,0,0,0
680,81,Tre'Quan Smith (NO),2019,11,2,21,11,11,10,5,0,2,2,0,0,1,0,0,0,0
681,82,Alex Erickson (FA),2019,16,3,33,17,17,17,5,0,5,3,0,1,2,0,0,0,0
682,83,Allen Hurns (FA),2019,14,2,30,21,21,8,2,0,3,3,0,0,1,0,0,0,0
683,84,Russell Gage (TB),2019,16,3,28,18,18,9,3,0,5,3,0,1,1,0,0,0,0
684,85,Adam Humphries (FA),2019,12,3,31,21,21,10,3,0,4,3,0,0,1,0,0,0,0
685,86,Demaryius Thomas (FA),2019,11,3,39,24,24,15,5,0,5,4,0,1,2,0,0,0,0
686,87,Bisi Johnson (FA),2019,16,2,18,14,14,4,2,0,3,2,0,0,1,0,0,0,0
687,88,Josh Gordon (FA),2019,11,2,39,26,26,13,5,0,4,3,0,0,2,1,0,0,0
688,89,Albert Wilson (FA),2019,13,3,27,13,13,14,5,0,5,4,0,0,1,0,0,0,0
689,90,David Moore (TB),2019,15,1,20,12,12,9,3,0,2,1,0,1,1,0,0,0,0
690,91,Cody Latimer (FA),2019,15,2,20,15,15,5,2,0,3,2,0,0,1,0,0,0,0
691,92,Geronimo Allison (FA),2019,16,2,18,11,11,7,1,0,3,2,0,1,1,0,0,0,0
692,93,Josh Reynolds (DET),2019,16,1,20,12,12,9,3,0,3,2,0,0,1,1,0,0,0
693,94,Damiere Byrd (CAR),2019,11,3,33,19,19,14,6,0,4,3,0,0,1,0,0,0,0
694,95,Marcus Johnson (FA),2019,9,2,31,26,26,5,1,0,4,2,0,0,1,0,0,0,0
695,96,Seth Roberts (FA),2019,16,1,17,13,13,4,1,0,2,1,0,0,1,0,0,0,0
696,97,Miles Boykin (PIT),2019,16,1,12,12,12,1,0,0,1,1,0,0,0,0,0,0,0
697,98,Kelvin Harmon (FA),2019,16,2,23,17,17,6,3,0,3,2,0,0,1,1,0,0,0
698,99,Paul Richardson Jr. (FA),2019,10,3,25,20,20,5,1,0,4,3,0,1,1,0,0,0,0
699,100,Isaiah McKenzie (IND),2019,15,2,17,3,3,14,2,0,3,2,0,0,1,0,0,0,0
700,101,Jakobi Meyers (LV),2019,15,2,24,16,16,8,3,0,3,2,0,0,1,1,0,0,0
701,102,DaeSean Hamilton (FA),2019,16,2,19,11,11,8,2,0,3,2,0,0,1,0,0,0,0
702,103,Tavon Austin (FA),2019,14,1,13,7,7,6,1,0,2,1,0,0,1,0,0,0,0
703,104,Marvin Hall (FA),2019,9,1,29,25,25,4,0,0,1,1,0,0,1,1,1,0,0
704,105,Jaron Brown (FA),2019,14,1,16,11,11,5,1,0,2,1,0,0,1,0,0,0,0
705,106,Greg Ward (PHI),2019,7,4,36,23,23,13,5,0,6,4,0,1,2,0,0,0,0
706,107,Vyncint Smith (IND),2019,14,1,16,9,9,8,4,0,2,1,0,0,1,0,0,0,0
707,108,Keke Coutee (FA),2019,10,2,25,11,11,14,4,0,4,3,0,0,1,0,0,0,0
708,109,Pharoh Cooper (FA),2019,13,2,19,13,13,5,1,0,3,2,0,0,1,0,0,0,0
709,110,Malik Turner (IND),2019,15,1,16,10,10,7,2,0,1,1,0,0,1,0,0,0,0
710,111,Chester Rogers (FA),2019,12,1,15,9,9,6,2,0,2,2,0,0,1,0,0,0,0
711,112,Jarius Wright (FA),2019,16,2,19,13,13,6,1,0,4,2,1,0,1,0,0,0,0
712,113,DeSean Jackson (FA),2019,3,3,53,48,48,5,1,0,3,3,0,0,1,1,1,1,1
713,114,Jake Kumerow (FA),2019,14,1,16,10,10,6,2,0,2,1,0,0,1,0,0,0,0
714,115,Justin Watson (KC),2019,16,1,10,9,9,1,0,0,2,1,0,0,1,0,0,0,0
715,116,Scotty Miller (ATL),2019,10,1,20,16,16,4,1,0,3,1,0,0,1,0,0,0,0
716,117,N'Keal Harry (FA),2019,7,2,15,9,9,6,4,0,3,2,0,1,1,0,0,0,0
717,118,Jakeem Grant Sr. (CLE),2019,10,2,16,8,8,9,1,0,3,2,0,0,1,0,0,0,0
718,119,Andy Isabella (BAL),2019,15,1,13,3,3,9,3,0,1,1,0,0,0,0,0,0,0
719,120,Marquise Goodwin (CLE),2019,9,1,21,17,17,4,0,0,2,2,0,0,1,0,0,0,0
720,121,Damion Ratley (FA),2019,13,1,15,12,12,4,3,0,2,1,0,0,1,0,0,0,0
721,122,Trey Quinn (FA),2019,12,2,17,11,11,5,1,0,4,2,0,0,1,0,0,0,0
722,123,Isaiah Ford (FA),2019,9,3,27,18,18,10,5,0,4,3,0,1,1,0,0,0,0
723,124,KeeSean Johnson (BUF),2019,10,2,19,14,14,4,2,0,4,2,0,1,1,0,0,0,0
724,125,Javon Wims (ARI),2019,16,1,12,9,9,3,1,0,2,1,0,0,1,0,0,0,0
725,126,Laquon Treadwell (FA),2019,14,1,13,9,9,4,2,0,1,1,0,0,1,0,0,0,0
726,127,Dante Pettis (CHI),2019,11,1,10,8,8,2,2,0,2,1,0,0,0,0,0,0,0
727,128,Bennie Fowler III (FA),2019,8,3,24,21,21,4,2,0,5,3,0,1,1,0,0,0,0
728,129,Byron Pringle (FA),2019,16,1,11,7,7,4,2,0,1,1,0,0,0,0,0,0,0
729,130,J.J. Arcega-Whiteside (ATL),2019,16,1,11,10,10,1,0,0,1,1,0,0,1,0,0,0,0
730,131,Duke Williams (FA),2019,4,3,42,29,29,13,10,1,5,4,1,0,2,1,0,0,0
731,132,Zay Jones (JAC),2019,15,2,14,9,9,5,1,0,3,2,0,0,1,0,0,0,0
732,133,Tim Patrick (DEN),2019,8,2,27,23,23,5,3,0,4,2,0,1,1,0,0,0,0
733,134,Kalif Raymond (DET),2019,8,1,21,20,20,2,0,0,2,1,0,0,1,0,0,0,0
734,135,Richie James Jr. (KC),2019,16,0,10,4,4,6,0,0,1,0,0,0,0,0,0,0,0
735,136,Trevor Davis (FA),2019,14,1,8,3,3,5,1,0,1,1,0,0,0,0,0,0,0
736,137,Parris Campbell (NYG),2019,7,3,18,4,4,14,6,0,3,3,0,1,1,0,0,0,0
737,138,Justin Hardy (FA),2019,16,1,12,7,7,5,1,0,2,1,0,0,1,0,0,0,0
738,139,Dontrelle Inman (FA),2019,7,2,26,20,20,6,1,0,3,2,0,0,1,1,0,0,0
739,140,Olamide Zaccheaus (PHI),2019,10,0,12,5,5,6,5,0,1,0,0,0,0,0,0,0,0
740,141,Devin Smith (FA),2019,4,1,28,20,20,8,5,0,2,1,0,1,1,1,1,0,0
741,142,DeAndre Carter (LV),2019,16,1,10,7,7,4,1,0,1,1,0,0,0,0,0,0,0
742,143,Keelan Doss (LAC),2019,8,1,17,10,10,7,2,0,2,2,0,0,1,0,0,0,0
743,144,Mack Hollins (ATL),2019,16,1,8,6,6,2,0,0,1,1,0,0,0,0,0,0,0
744,145,Deon Cain (FA),2019,13,1,10,8,8,2,1,0,2,1,0,0,0,0,0,0,0
745,146,Antonio Brown (FA),2019,1,4,56,49,49,7,3,1,8,4,0,4,3,1,0,0,0
746,147,Rashard Higgins (FA),2019,10,0,6,5,5,1,1,0,1,1,0,0,0,0,0,0,0
747,148,Brandon Zylstra (FA),2019,8,1,13,12,12,1,0,0,2,1,0,0,1,0,0,0,0
748,149,T.J. Jones (FA),2019,3,1,13,5,5,8,0,0,1,1,0,0,0,0,0,0,0
749,150,Marcell Ateman (FA),2019,12,0,10,8,8,2,1,0,1,1,0,0,0,0,0,0,0
750,151,J.J. Nelson (FA),2019,2,2,18,11,11,8,1,0,3,2,0,0,1,1,0,0,0
751,152,Deonte Harty (BUF),2019,14,0,2,-1,-1,3,1,0,0,0,0,0,0,0,0,0,0
752,153,Braxton Berrios (MIA),2019,16,0,7,2,2,5,1,0,1,0,0,0,0,0,0,0,0
753,154,Robert Foster (FA),2019,13,0,5,2,2,2,0,0,1,0,0,0,0,0,0,0,0
754,155,Christian Blake (FA),2019,9,1,10,7,7,3,1,0,3,1,0,0,0,0,0,0,0
755,156,Antonio Callaway (DAL),2019,5,2,18,9,9,9,7,0,3,2,0,1,1,0,0,0,0
756,157,Damion Willis (FA),2019,10,1,8,6,6,3,1,0,2,1,0,0,0,0,0,0,0
757,158,Trent Sherfield (BUF),2019,16,0,5,4,4,1,0,0,1,0,0,0,0,0,0,0,0
758,159,KhaDarel Hodge (ATL),2019,16,0,5,4,4,1,0,0,1,0,0,0,0,0,0,0,0
759,160,Riley Ridley (FA),2019,5,1,14,11,11,3,1,0,1,1,0,0,1,0,0,0,0
760,161,Chris Hogan (FA),2019,7,1,10,5,5,4,1,0,2,1,0,0,0,0,0,0,0
761,162,Tevin Jones (FA),2019,5,1,12,10,10,2,0,0,2,1,0,0,0,0,0,0,0
762,163,Chris Lacy (LV),2019,7,0,9,7,7,1,0,0,1,1,0,0,0,0,0,0,0
763,164,Andre Patton (FA),2019,13,0,4,2,2,2,1,0,1,0,0,0,0,0,0,0,0
764,165,DeAndrew White (FA),2019,10,0,5,2,2,3,1,0,1,0,0,0,0,0,0,0,0
765,166,Deontay Burnett (FA),2019,2,1,24,21,21,3,1,0,2,1,0,0,1,1,1,1,0
766,167,Cedrick Wilson Jr. (MIA),2019,6,1,8,6,6,2,0,0,1,1,0,0,1,0,0,0,0
767,168,Alexander Hollins (FA),2019,5,0,9,8,8,1,0,0,1,1,0,0,0,0,0,0,0
768,169,Jason Moore Jr. (FA),2019,10,0,4,4,4,1,0,0,1,0,0,0,0,0,0,0,0
769,170,Geremy Davis (FA),2019,8,0,5,5,5,0,0,0,0,0,0,0,0,0,0,0,0
770,171,Steven Mitchell Jr. (FA),2019,4,1,9,6,6,4,0,0,2,1,0,0,1,0,0,0,0
771,172,Ishmael Hyman (FA),2019,2,1,17,17,17,1,0,0,2,2,1,0,1,1,1,0,0
772,173,Jordan Matthews (FA),2019,3,1,11,9,9,2,1,0,4,1,0,0,0,0,0,0,0
773,174,Devin Funchess (FA),2019,1,3,32,26,26,6,5,0,5,5,1,1,1,0,0,0,0
774,175,C.J. Board (FA),2019,4,1,8,6,6,2,0,0,1,1,0,0,0,0,0,0,0
775,176,Johnny Holton (FA),2019,16,0,1,1,1,1,0,0,1,0,0,0,0,0,0,0,0
776,177,Travis Benjamin (FA),2019,5,1,6,2,2,4,0,0,3,2,0,0,1,0,0,0,0
777,178,Cody Core (FA),2019,16,0,2,2,2,0,0,0,0,0,0,0,0,0,0,0,0
778,179,Ryan Switzer (FA),2019,9,1,3,1,1,2,0,0,1,1,0,0,0,0,0,0,0
779,180,Andre Roberts (FA),2019,13,0,2,1,1,0,0,0,1,0,0,0,0,0,0,0,0
780,181,Russell Shepard (FA),2019,3,1,8,4,4,4,1,0,3,1,0,1,0,0,0,0,0
781,182,Michael Crabtree (FA),2019,3,1,7,6,6,2,0,0,2,1,0,0,0,0,0,0,0
782,183,Chris Moore (TEN),2019,14,0,2,1,1,1,0,0,0,0,0,0,0,0,0,0,0
783,184,Marqise Lee (FA),2019,6,1,3,2,2,1,1,0,1,1,0,0,0,0,0,0,0
784,185,Stanley Morgan Jr. (CIN),2019,11,0,2,1,1,1,1,0,1,0,0,0,0,0,0,0,0
785,186,Donte Moncrief (FA),2019,8,1,2,2,2,0,0,0,2,1,1,0,0,0,0,0,0
786,187,Darius Jennings (FA),2019,8,0,2,0,0,2,1,0,1,0,0,0,0,0,0,0,0
787,188,Diontae Spencer (NYJ),2019,16,0,2,0,0,2,1,0,1,0,0,0,0,0,0,0,0
788,189,Robert Davis (FA),2019,6,0,3,3,3,0,0,0,1,0,0,0,0,0,0,0,0
789,190,Bobo Wilson (FA),2019,6,1,6,5,5,1,0,0,2,1,0,0,1,0,0,0,0
790,191,Mike Thomas (BAL),2019,16,0,1,0,0,1,0,0,0,0,0,0,0,0,0,0,0
791,192,Gunner Olszewski (PIT),2019,8,0,4,2,2,2,0,0,1,0,0,0,0,0,0,0,0
792,193,Ryan Grant (FA),2019,2,2,7,5,5,3,1,0,5,2,0,1,0,0,0,0,0
793,194,Austin Carr (FA),2019,7,0,1,1,1,1,0,0,1,0,0,0,0,0,0,0,0
794,1,Tyreek Hill (MIA),2018,16,5,92,60,60,33,12,0,9,6,0,1,3,2,1,1,0
795,2,Antonio Brown (FA),2018,15,7,86,54,54,32,9,0,11,7,0,1,3,1,1,0,0
796,3,Davante Adams (LV),2018,15,7,92,61,61,32,6,0,11,8,0,1,4,1,1,0,0
797,4,DeAndre Hopkins (ARI),2018,16,7,98,74,74,24,5,0,10,8,0,1,4,1,1,0,0
798,5,Julio Jones (FA),2018,16,7,105,77,77,28,7,0,11,8,1,1,5,2,1,0,0
799,6,Mike Evans (TB),2018,16,5,95,77,77,18,4,0,9,6,0,0,4,2,1,0,0
800,7,Adam Thielen (CAR),2018,16,7,86,60,60,26,5,0,10,7,0,1,4,1,0,0,0
801,8,Michael Thomas (NO),2018,16,8,88,56,56,32,11,0,9,8,0,1,3,1,1,0,0
802,9,JuJu Smith-Schuster (NE),2018,16,7,89,49,49,41,11,0,10,7,0,1,3,1,0,0,0
803,10,Robert Woods (HOU),2018,16,5,76,50,50,26,8,0,8,6,0,0,3,1,0,0,0
804,11,Tyler Lockett (SEA),2018,16,4,60,47,47,13,2,0,4,4,0,0,2,1,1,0,0
805,12,Stefon Diggs (BUF),2018,15,7,68,38,38,30,7,0,10,7,0,1,3,1,0,0,0
806,13,Brandin Cooks (DAL),2018,16,5,75,54,54,22,5,0,7,5,0,1,3,1,0,0,0
807,14,Keenan Allen (LAC),2018,16,6,75,50,50,25,7,0,9,6,0,1,4,1,0,0,0
808,15,T.Y. Hilton (FA),2018,14,5,91,58,58,33,7,0,9,6,0,1,3,2,1,0,0
809,16,Odell Beckham Jr. (BAL),2018,12,6,88,62,62,25,9,1,10,7,0,1,4,1,1,0,0
810,17,Tyler Boyd (CIN),2018,14,5,73,44,44,30,7,0,8,6,0,0,3,2,0,0,0
811,18,Calvin Ridley (JAC),2018,16,4,51,29,29,23,4,0,6,5,1,0,2,1,0,0,0
812,19,Amari Cooper (CLE),2018,15,5,67,39,39,28,7,0,7,5,0,0,3,1,0,0,0
813,20,Mike Williams (LAC),2018,16,3,42,34,34,7,3,0,4,3,0,0,2,1,0,0,0
814,21,Kenny Golladay (FA),2018,15,5,71,48,48,23,7,0,8,5,0,0,3,1,0,0,0
815,22,Jarvis Landry (FA),2018,16,5,61,44,44,17,4,0,9,6,1,1,2,1,0,0,0
816,23,Julian Edelman (FA),2018,12,6,71,42,42,29,7,0,9,7,1,1,3,1,0,0,0
817,24,Emmanuel Sanders (FA),2018,12,6,72,48,48,25,10,1,8,6,0,1,3,1,1,0,0
818,25,Chris Godwin (TB),2018,16,4,53,37,37,15,3,0,6,4,0,1,3,1,0,0,0
819,26,Alshon Jeffery (FA),2018,13,5,65,44,44,21,9,0,7,5,0,1,3,1,0,0,0
820,27,Corey Davis (NYJ),2018,16,4,56,39,39,17,7,0,7,5,0,0,3,1,0,0,0
821,28,Larry Fitzgerald (FA),2018,16,4,46,33,33,13,5,0,7,5,0,1,2,1,0,0,0
822,29,Sterling Shepard (NYG),2018,16,4,55,35,35,19,3,0,7,5,0,0,2,1,0,0,0
823,30,Mohamed Sanu Sr. (FA),2018,16,4,52,27,27,25,7,0,6,4,0,0,2,0,0,0,0
824,31,Adam Humphries (FA),2018,16,5,51,25,25,26,4,0,7,5,0,0,2,0,0,0,0
825,32,DeSean Jackson (FA),2018,12,3,65,49,49,15,3,0,6,4,0,0,2,1,1,0,0
826,33,Zay Jones (JAC),2018,16,4,41,32,32,9,3,0,6,4,0,1,2,0,0,0,0
827,34,Golden Tate (FA),2018,15,5,53,25,25,28,12,1,8,5,0,0,2,1,0,0,0
828,35,Dede Westbrook (FA),2018,16,4,45,22,22,23,8,0,6,5,0,0,2,1,0,0,0
829,36,Chosen Anderson (MIA),2018,14,4,54,41,41,13,2,0,7,4,0,1,2,1,0,0,0
830,37,A.J. Green (FA),2018,9,5,77,59,59,18,7,0,9,6,1,1,3,1,1,0,0
831,38,DJ Moore (CHI),2018,16,3,49,23,23,26,14,1,5,4,0,0,2,1,0,0,0
832,39,John Brown (FA),2018,16,3,45,35,35,10,3,0,6,3,0,0,2,1,0,0,0
833,40,Nelson Agholor (BAL),2018,16,4,46,24,24,22,5,0,6,4,0,0,1,1,1,0,0
834,41,Allen Robinson II (PIT),2018,13,4,58,41,41,17,11,0,7,5,0,0,2,1,1,0,0
835,42,Curtis Samuel (WAS),2018,13,3,38,29,29,9,3,0,5,3,0,1,2,0,0,0,0
836,43,Josh Gordon (FA),2018,12,3,61,39,39,22,16,1,6,4,0,0,3,1,0,0,0
837,44,Demaryius Thomas (FA),2018,15,4,45,27,27,18,6,0,6,4,0,0,2,1,0,0,0
838,45,Kenny Stills (FA),2018,15,2,37,28,28,9,4,0,4,3,0,0,2,0,0,0,0
839,46,Tyrell Williams (FA),2018,16,3,41,29,29,12,3,0,4,3,0,0,2,1,0,0,0
840,47,Cooper Kupp (LAR),2018,8,5,71,33,33,38,9,0,7,5,0,1,3,1,0,0,0
841,48,Courtland Sutton (DEN),2018,16,3,44,34,34,10,5,0,5,3,0,0,2,1,0,0,0
842,49,Jordy Nelson (FA),2018,15,4,49,33,33,16,4,0,6,4,0,0,2,0,0,0,0
843,50,Doug Baldwin (FA),2018,13,4,48,36,36,12,6,0,6,4,0,0,2,1,0,0,0
844,51,Antonio Callaway (DAL),2018,16,3,37,22,22,15,5,0,5,3,0,0,1,1,0,0,0
845,52,Anthony Miller (PIT),2018,15,2,28,17,17,11,3,0,4,3,0,0,1,0,0,0,0
846,53,Cole Beasley (FA),2018,16,4,42,29,29,13,3,0,5,4,0,0,2,0,0,0,0
847,54,Taylor Gabriel (FA),2018,16,4,43,29,29,14,3,0,6,4,0,0,2,0,0,0,0
848,55,Donte Moncrief (FA),2018,16,3,42,26,26,16,5,0,6,3,0,0,2,0,0,0,0
849,56,Marvin Jones Jr. (DET),2018,9,4,56,45,45,11,5,0,7,4,0,0,3,1,0,0,0
850,57,Christian Kirk (JAC),2018,12,4,49,30,30,19,7,0,6,4,0,0,1,1,1,0,0
851,58,Rashard Higgins (FA),2018,13,3,44,33,33,11,4,0,4,3,0,0,2,1,0,0,0
852,59,Devin Funchess (FA),2018,14,3,39,34,34,5,1,0,6,4,1,1,2,1,0,0,0
853,60,Michael Crabtree (FA),2018,16,3,38,30,30,8,3,0,6,4,1,0,2,0,0,0,0
854,61,Dante Pettis (CHI),2018,12,2,39,22,22,17,7,0,4,2,0,0,1,1,0,0,0
855,62,Sammy Watkins (FA),2018,10,4,52,28,28,24,8,0,6,4,0,1,2,1,0,0,0
856,63,David Moore (TB),2018,16,2,28,22,22,6,2,0,3,2,0,0,1,1,0,0,0
857,64,William Fuller V (FA),2018,7,5,72,48,48,24,4,0,6,5,0,0,3,1,1,0,0
858,65,Marquez Valdes-Scantling (KC),2018,16,2,36,23,23,13,3,0,5,3,0,0,1,1,0,0,0
859,66,Kendrick Bourne (NE),2018,16,3,30,21,21,9,3,0,4,3,0,1,2,0,0,0,0
860,67,Tre'Quan Smith (NO),2018,15,2,28,21,21,8,1,0,3,2,0,1,1,0,0,0,0
861,68,Willie Snead IV (SF),2018,16,4,41,23,23,18,6,1,6,4,0,0,2,0,0,0,0
862,69,Robert Foster (FA),2018,13,2,42,29,29,13,3,0,3,2,0,0,1,1,0,0,0
863,70,Chris Hogan (FA),2018,16,2,33,21,21,12,2,0,3,2,0,0,1,1,0,0,0
864,71,Josh Reynolds (DET),2018,16,2,25,17,17,8,2,0,3,2,0,0,1,0,0,0,0
865,72,Albert Wilson (FA),2018,7,4,56,8,8,48,36,0,5,4,0,0,1,1,0,0,0
866,73,Danny Amendola (FA),2018,15,4,38,23,23,15,3,0,5,4,0,0,1,0,0,0,0
867,74,Josh Doctson (FA),2018,15,3,35,27,27,9,2,0,5,3,0,0,2,0,0,0,0
868,75,Michael Gallup (DAL),2018,16,2,32,21,21,11,2,0,4,2,0,0,1,1,0,0,0
869,76,Marquise Goodwin (CLE),2018,11,2,36,24,24,11,1,0,4,2,0,0,1,0,0,0,0
870,77,Chester Rogers (FA),2018,16,3,30,14,14,16,3,0,5,4,0,0,1,0,0,0,0
871,78,John Ross (KC),2018,13,2,16,12,12,5,2,0,4,2,1,0,1,0,0,0,0
872,79,Seth Roberts (FA),2018,15,3,33,19,19,14,4,0,4,3,0,0,1,0,0,0,0
873,80,Chris Conley (SF),2018,16,2,21,12,12,9,3,0,3,2,0,0,1,0,0,0,0
874,81,Jarius Wright (FA),2018,16,3,28,16,16,12,4,0,4,3,0,0,1,1,0,0,0
875,82,Jamison Crowder (NYG),2018,9,3,43,20,20,23,10,0,5,4,0,0,2,0,0,0,0
876,83,Aldrick Robinson (FA),2018,14,1,17,14,14,3,0,0,3,1,0,0,1,0,0,0,0
877,84,Demarcus Robinson (FA),2018,16,1,18,11,11,7,1,0,2,1,0,0,0,0,0,0,0
878,85,Keelan Cole Sr. (LV),2018,16,2,31,22,22,9,2,0,4,3,0,0,1,0,0,0,0
879,86,Taywan Taylor (FA),2018,13,3,36,23,23,12,4,0,4,3,0,0,1,0,0,0,0
880,87,Phillip Dorsett II (LV),2018,16,2,18,12,12,6,2,0,3,2,0,0,1,0,0,0,0
881,88,Quincy Enunwa (FA),2018,11,3,41,16,16,25,11,0,6,4,0,0,2,1,0,0,0
882,89,Dontrelle Inman (FA),2018,9,3,34,27,27,6,2,0,4,3,0,1,1,0,0,0,0
883,90,Randall Cobb (NYJ),2018,9,4,43,17,17,26,4,0,7,5,0,0,1,0,0,0,0
884,91,Jaron Brown (FA),2018,16,1,10,8,8,3,1,0,1,1,0,0,0,0,0,0,0
885,92,Breshad Perriman (FA),2018,10,2,34,27,27,8,3,0,3,2,0,0,1,0,0,0,0
886,93,Tajae Sharpe (FA),2018,16,2,20,15,15,5,1,0,3,2,0,0,1,0,0,0,0
887,94,Kelvin Benjamin (FA),2018,15,2,25,21,21,4,1,0,4,2,0,0,1,0,0,0,0
888,95,Jermaine Kearse (FA),2018,14,3,27,18,18,9,4,0,5,3,0,0,1,0,0,0,0
889,96,Geronimo Allison (FA),2018,5,4,61,39,39,21,6,0,6,5,1,0,2,1,0,0,0
890,97,Jordan Matthews (FA),2018,14,1,21,16,16,6,2,0,2,2,0,0,1,0,0,0,0
891,98,Allen Hurns (FA),2018,16,1,18,14,14,5,2,0,2,1,0,0,1,0,0,0,0
892,99,Zach Pascal (ARI),2018,16,2,17,12,12,5,1,0,3,2,0,0,1,0,0,0,0
893,100,Ryan Grant (FA),2018,14,3,24,17,17,7,2,0,4,3,0,0,1,0,0,0,0
894,101,Jakeem Grant Sr. (CLE),2018,10,2,27,13,13,14,4,0,3,2,0,0,1,0,0,0,0
895,102,Paul Richardson Jr. (FA),2018,7,3,37,31,31,7,1,0,5,3,0,0,1,1,0,0,0
896,103,Tim Patrick (DEN),2018,16,1,20,13,13,7,2,0,3,2,0,0,1,0,0,0,0
897,104,Terrelle Pryor Sr. (FA),2018,8,2,32,24,24,8,2,0,4,2,0,0,1,1,0,0,0
898,105,DeVante Parker (NE),2018,11,2,28,20,20,9,3,0,4,2,0,0,1,0,0,0,0
899,106,DaeSean Hamilton (FA),2018,14,2,17,13,13,4,1,0,3,2,0,0,1,0,0,0,0
900,107,Laquon Treadwell (FA),2018,15,2,20,12,12,8,4,0,4,3,0,0,1,0,0,0,0
901,108,Ted Ginn Jr. (FA),2018,5,3,42,32,32,10,2,0,6,4,0,0,2,1,0,0,0
902,109,Keke Coutee (FA),2018,6,5,48,13,13,35,6,0,7,5,1,0,2,0,0,0,0
903,110,Pierre Garcon (FA),2018,8,3,36,24,24,12,2,0,6,3,0,0,2,1,0,0,0
904,111,Isaiah McKenzie (IND),2018,8,2,22,13,13,10,5,0,4,2,0,0,1,0,0,0,0
905,112,Ryan Switzer (FA),2018,16,2,16,7,7,9,1,0,3,2,0,0,1,0,0,0,0
906,113,Equanimeous St. Brown (CHI),2018,12,2,27,17,17,10,3,0,3,2,0,0,1,0,0,0,0
907,114,Torrey Smith (FA),2018,11,2,17,13,13,4,3,0,3,2,0,0,1,0,0,0,0
908,115,Keith Kirkwood (NO),2018,8,2,26,20,20,6,3,0,3,2,0,0,1,1,0,0,0
909,116,Tavon Austin (FA),2018,7,1,20,15,15,5,0,0,2,1,0,0,1,0,0,0,0
910,117,Maurice Harris (FA),2018,12,2,25,17,17,8,1,0,4,2,0,0,1,0,0,0,0
911,118,T.J. Jones (FA),2018,15,1,13,10,10,2,1,0,2,1,0,0,1,0,0,0,0
912,119,Russell Shepard (FA),2018,12,1,16,14,14,1,0,0,2,1,0,0,1,0,0,0,0
913,120,Trent Taylor (CIN),2018,14,2,15,8,8,7,1,0,3,2,0,0,1,0,0,0,0
914,121,Travis Benjamin (FA),2018,12,1,16,10,10,5,1,0,2,1,0,0,1,0,0,0,0
915,122,Bruce Ellington (FA),2018,7,4,32,17,17,15,2,0,6,5,1,0,2,0,0,0,0
916,123,James Washington (NO),2018,14,1,16,12,12,4,2,0,3,1,0,0,1,0,0,0,0
917,124,Chris Moore (TEN),2018,16,1,12,8,8,4,1,0,2,1,0,0,1,0,0,0,0
918,125,Trent Sherfield (BUF),2018,13,1,16,13,13,3,1,0,2,2,0,0,1,0,0,0,0
919,126,Martavis Bryant (FA),2018,8,2,33,17,17,16,6,1,3,3,0,0,1,1,0,0,0
920,127,Bennie Fowler III (FA),2018,10,2,20,12,12,8,3,0,3,2,0,0,1,0,0,0,0
921,128,Brandon LaFell (FA),2018,6,2,23,14,14,9,1,0,3,2,0,0,1,0,0,0,0
922,129,Justin Hardy (FA),2018,16,1,8,4,4,4,0,0,1,1,0,0,0,0,0,0,0
923,130,Cody Latimer (FA),2018,6,2,32,28,28,4,1,0,3,2,0,0,1,1,1,0,0
924,131,Chad Williams (FA),2018,10,2,17,16,16,2,0,0,5,2,0,0,1,0,0,0,0
925,132,Cody Core (FA),2018,14,1,11,9,9,3,1,0,2,1,0,0,0,0,0,0,0
926,133,Austin Carr (FA),2018,14,1,7,5,5,2,0,0,1,1,0,0,0,0,0,0,0
927,134,Marcell Ateman (FA),2018,7,2,22,18,18,4,1,0,4,3,0,0,1,0,0,0,0
928,135,Marvin Hall (FA),2018,16,1,9,6,6,4,0,0,1,1,0,0,0,0,0,0,0
929,136,DeAndre Carter (LV),2018,14,2,15,5,5,11,2,0,2,2,0,0,1,0,0,0,0
930,137,Josh Bellamy (FA),2018,16,1,7,4,4,3,1,0,2,1,0,0,0,0,0,0,0
931,138,Brandon Marshall (FA),2018,7,2,19,16,16,3,2,0,3,2,0,0,1,0,0,0,0
932,139,Michael Floyd (FA),2018,13,1,8,5,5,2,1,0,2,1,0,0,0,0,0,0,0
933,140,Richie James Jr. (KC),2018,13,1,10,2,2,8,1,0,1,1,0,0,0,0,0,0,0
934,141,Alex Erickson (FA),2018,16,1,10,6,6,5,1,0,2,1,0,0,1,0,0,0,0
935,142,Leonte Carroo (FA),2018,9,0,10,6,6,4,0,0,0,0,0,0,0,0,0,0,0
936,143,Jake Kumerow (FA),2018,5,2,21,16,16,5,0,0,2,2,0,0,1,0,0,0,0
937,144,Andre Holmes (FA),2018,15,1,11,7,7,3,2,0,2,1,0,0,0,0,0,0,0
938,145,Deonte Thompson (FA),2018,13,1,12,9,9,3,1,0,2,1,0,0,1,0,0,0,0
939,146,Marcus Johnson (FA),2018,5,1,20,15,15,6,2,0,2,1,0,0,1,0,0,0,0
940,147,DJ Chark Jr. (CAR),2018,11,1,16,12,12,4,1,0,3,1,0,0,1,0,0,0,0
941,148,Cameron Meredith (FA),2018,6,2,19,13,13,6,1,0,2,2,0,0,1,0,0,0,0
942,149,Vyncint Smith (IND),2018,7,1,13,12,12,1,0,0,1,1,0,0,1,0,0,0,0
943,150,Damion Ratley (FA),2018,13,1,11,7,7,4,1,0,2,1,0,0,0,0,0,0,0
944,151,Deontay Burnett (FA),2018,5,2,29,24,24,5,1,0,3,2,0,0,1,1,0,0,0
945,152,Andy Jones (FA),2018,8,1,10,7,7,3,1,0,3,2,0,0,0,0,0,0,0
946,153,Andre Roberts (FA),2018,16,1,5,4,4,1,0,0,1,1,0,0,0,0,0,0,0
947,154,Trey Quinn (FA),2018,3,3,25,19,19,6,0,0,3,3,0,0,2,0,0,0,0
948,155,Brandon Powell (MIN),2018,6,2,22,2,2,19,5,0,3,2,0,0,1,0,0,0,0
949,156,Brice Butler (FA),2018,8,1,8,7,7,0,0,0,1,1,0,0,0,0,0,0,0
950,157,Darius Jennings (FA),2018,16,1,6,4,4,2,1,0,1,1,0,0,0,0,0,0,0
951,158,Tommylee Lewis (FA),2018,7,0,9,8,8,0,0,0,0,0,0,0,0,0,0,0,0
952,159,De'Anthony Thomas (FA),2018,5,1,6,0,0,6,1,0,1,1,0,0,0,0,0,0,0
953,160,Eli Rogers (FA),2018,3,4,26,13,13,13,4,0,5,4,0,0,1,0,0,0,0
954,161,Kevin White (FA),2018,9,0,10,10,10,1,0,0,1,0,0,0,0,0,0,0,0
955,162,Cameron Batson (FA),2018,11,1,7,3,3,5,1,0,1,1,0,0,0,0,0,0,0
956,163,Corey Coleman (FA),2018,8,1,9,8,8,1,1,0,1,1,0,0,0,0,0,0,0
957,164,J.J. Nelson (FA),2018,14,1,5,3,3,2,0,0,1,1,0,0,0,0,0,0,0
958,165,Russell Gage (TB),2018,15,0,4,3,3,1,0,0,1,1,0,0,0,0,0,0,0
959,166,Derrick Willies (FA),2018,5,1,12,6,6,6,6,0,1,1,0,0,0,0,0,0,0
960,167,Noah Brown (HOU),2018,8,1,7,4,4,3,1,0,1,1,0,0,0,0,0,0,0
961,168,Kamar Aiken (FA),2018,5,1,11,8,8,2,1,0,1,1,0,0,1,0,0,0,0
962,169,Dwayne Harris (FA),2018,15,0,3,0,0,3,1,0,0,0,0,0,0,0,0,0,0
963,170,Bobo Wilson (FA),2018,5,1,10,6,6,4,0,0,1,1,0,0,0,0,0,0,0
964,171,Jawill Davis (FA),2018,7,1,6,5,5,1,0,0,1,1,0,0,0,0,0,0,0
965,172,Rashad Greene (FA),2018,8,1,8,6,6,2,1,0,1,1,0,0,1,0,0,0,0
966,173,Chad Beebe (FA),2018,3,1,13,9,9,4,0,0,1,1,0,0,1,0,0,0,0
967,174,Jalen Tolliver (FA),2018,3,1,12,8,8,5,2,0,2,1,0,0,1,0,0,0,0
968,175,Auden Tate (ARI),2018,7,1,5,5,5,0,0,0,2,1,0,0,0,0,0,0,0
969,176,Javon Wims (ARI),2018,4,1,8,8,8,1,1,0,1,1,0,0,0,0,0,0,0
970,177,Rishard Matthews (FA),2018,8,1,3,2,2,1,0,0,1,1,0,0,0,0,0,0,0
971,178,Justin Hunter (FA),2018,5,1,4,4,4,0,0,0,3,1,0,0,0,0,0,0,0
972,179,Ray-Ray McCloud III (SF),2018,10,1,4,1,1,3,1,0,1,1,0,0,0,0,0,0,0
973,180,Brian Quick (FA),2018,6,1,3,3,3,0,0,0,1,1,0,0,0,0,0,0,0
974,181,Nick Williams (FA),2018,4,1,4,3,3,1,1,0,1,1,0,0,0,0,0,0,0
975,182,Josh Malone (FA),2018,9,0,1,1,1,0,0,0,1,0,0,0,0,0,0,0,0
976,183,Victor Bolden Jr. (FA),2018,6,0,2,2,2,0,0,0,1,0,0,0,0,0,0,0,0
977,184,Jeremy Kerley (FA),2018,1,2,7,-8,-8,15,2,0,4,3,1,0,0,0,0,0,0
